,UMAP1,UMAP2,cell_type,louvain_r1.5,louvain_r0.5,region
AAACGAAAGTAATCAG-1,9.690221,6.193736,L6 IT,0,2,Satellite.mm10.repeatmasker
AAACTCGAGAAAGCAG-1,4.7813807,10.797893,L2/3 IT,4,1,Satellite.mm10.repeatmasker
AAACTCGCAAATTCCG-1,8.717122,9.221647,L2/3 IT,15,0,Satellite.mm10.repeatmasker
AAACTCGCACATGATC-1,9.542281,4.8601727,L6 IT,0,2,Satellite.mm10.repeatmasker
AAACTCGGTTAACCAC-1,8.973947,8.342576,L2/3 IT,9,0,Satellite.mm10.repeatmasker
AAACTCGTCCAACGCG-1,7.890249,7.784212,L2/3 IT,9,0,Satellite.mm10.repeatmasker
AAACTCGTCCATCATT-1,7.8268805,10.798145,L2/3 IT,8,0,Satellite.mm10.repeatmasker
AAAGATGAGCACCATT-1,10.096634,8.673377,16,10,0,Satellite.mm10.repeatmasker
AAAGATGAGCGAGAAA-1,11.350211,6.796022,Microglia,12,0,Satellite.mm10.repeatmasker
AAAGATGCATCGCCTT-1,6.588701,11.404815,L6 IT,13,1,Satellite.mm10.repeatmasker
AAAGGATGTCATGAGG-1,10.913013,8.828139,Astrocytes,12,0,Satellite.mm10.repeatmasker
AAAGGATGTTACCCAA-1,11.080659,5.7710958,L2/3 IT,0,2,Satellite.mm10.repeatmasker
AAAGGGCGTCAAACAA-1,3.36273,6.662169,L6 IT,7,1,Satellite.mm10.repeatmasker
AAATGAGAGGGCATTG-1,10.131634,5.277526,L2/3 IT,0,2,Satellite.mm10.repeatmasker
AAATGAGTCAAGAGAT-1,12.175235,5.521112,L6 CT,0,2,Satellite.mm10.repeatmasker
AAATGCCTCCCGGGTA-1,4.7039056,6.6286454,L6 IT,7,1,Satellite.mm10.repeatmasker
AACAAAGAGGCCAGTA-1,9.089556,6.892888,L2/3 IT,0,2,Satellite.mm10.repeatmasker
AACAAAGAGTTCAACC-1,6.8759265,9.628468,Pvalb,13,3,Satellite.mm10.repeatmasker
AACAAAGTCATAGGTC-1,11.610186,9.4694805,No Annotation,12,0,Satellite.mm10.repeatmasker
AACAGTCTCGAGCGCT-1,9.74651,6.2247667,L2/3 IT,0,2,Satellite.mm10.repeatmasker
AACATCGCATTTGGCA-1,7.100853,5.9938083,L2/3 IT,7,1,Satellite.mm10.repeatmasker
AACCAACCATAGCCAT-1,3.8658173,7.68116,L4,7,1,Satellite.mm10.repeatmasker
AACCGATCAGAGCCAA-1,10.211544,6.6759887,L4,10,0,Satellite.mm10.repeatmasker
AACCGATGTTAACCAC-1,8.874245,8.987162,L5 IT,9,0,Satellite.mm10.repeatmasker
AACCGATTCGCTACCT-1,10.567189,5.114029,L2/3 IT,0,2,Satellite.mm10.repeatmasker
AACCTGAAGTAGTTCC-1,9.759926,3.8889184,L6 CT,0,2,Satellite.mm10.repeatmasker
AACCTGAAGTGAACCG-1,12.888734,8.668546,Microglia,6,0,Satellite.mm10.repeatmasker
AACGAGGAGTCATACC-1,9.661491,11.171445,L2/3 IT,8,0,Satellite.mm10.repeatmasker
AACGAGGCAGTAAGAT-1,8.684465,12.307419,L4,8,0,Satellite.mm10.repeatmasker
AACGAGGGTAACCATC-1,4.2258716,6.420257,L2/3 IT,7,1,Satellite.mm10.repeatmasker
AACGAGGGTCTAACCA-1,7.226409,9.015957,16,13,3,Satellite.mm10.repeatmasker
AACGAGGGTTAAGTCC-1,9.244912,8.134605,6,9,0,Satellite.mm10.repeatmasker
AACGAGGTCAGGTCTA-1,5.886139,7.107314,L4,3,3,Satellite.mm10.repeatmasker
AACGGGACATTCTTTG-1,3.7651687,11.158105,L4,4,1,Satellite.mm10.repeatmasker
AACGGGAGTCGCGCTA-1,9.367399,10.269525,L6 IT,11,0,Satellite.mm10.repeatmasker
AACGGGAGTGCATCAT-1,12.583017,10.222745,Astrocytes,12,0,Satellite.mm10.repeatmasker
AACGTACAGGAATGGA-1,7.091406,6.604173,L2/3 IT,3,3,Satellite.mm10.repeatmasker
AACTGGTAGCTACGTT-1,9.853904,11.228496,L6 CT,12,0,Satellite.mm10.repeatmasker
AACTGGTTCCGTGCAG-1,9.426915,4.7394524,L4,0,2,Satellite.mm10.repeatmasker
AACTGTGCACTGTAAC-1,10.315075,10.525558,L6 IT,2,0,Satellite.mm10.repeatmasker
AACTTGGGTCCCGAGT-1,10.852834,6.486031,L2/3 IT,0,2,Satellite.mm10.repeatmasker
AACTTGGTCCCGTATC-1,4.316373,10.38319,L2/3 IT,4,1,Satellite.mm10.repeatmasker
AACTTGGTCGTGGCGT-1,13.423803,8.081769,L6 CT,6,0,Satellite.mm10.repeatmasker
AAGGAGCAGACCGCAA-1,13.816044,8.845755,L6 CT,6,0,Satellite.mm10.repeatmasker
AAGGAGCGTCATCAAC-1,4.6645675,10.163591,L4,4,1,Satellite.mm10.repeatmasker
AAGGAGCGTGCTGAAG-1,4.468921,7.126164,L2/3 IT,7,1,Satellite.mm10.repeatmasker
AAGGAGCGTTTGCCCT-1,8.549427,6.302947,L2/3 IT,0,2,Satellite.mm10.repeatmasker
AAGGTTCAGATGTTCC-1,11.895512,8.103058,L6 CT,6,0,Satellite.mm10.repeatmasker
AAGGTTCAGCAGTAGC-1,12.359335,5.8962054,L6 CT,0,2,Satellite.mm10.repeatmasker
AAGGTTCTCCCTAAAG-1,7.2913785,7.712952,L2/3 IT,3,3,Satellite.mm10.repeatmasker
AATACGCGTCACCCGA-1,8.118966,4.2903028,NP,1,2,Satellite.mm10.repeatmasker
AATACGCTCAAGTTGC-1,9.136685,10.606164,L6 CT,6,0,Satellite.mm10.repeatmasker
AATACGCTCTCTTCCT-1,8.833209,8.841978,L2/3 IT,15,0,Satellite.mm10.repeatmasker
AATGCCAGTGAATGGC-1,2.3867145,7.2619143,L6 IT,5,1,Satellite.mm10.repeatmasker
AATGCCATCAGGCGCT-1,2.526149,7.1813164,L5 PT,5,1,Satellite.mm10.repeatmasker
AATGCCATCCATCATT-1,10.018663,5.3987675,L6 IT,0,2,Satellite.mm10.repeatmasker
AATGGAAGTGCATCAT-1,11.686946,8.775409,L6 CT,12,0,Satellite.mm10.repeatmasker
AATGGAATCGGTCTCT-1,13.145732,8.055222,L6 CT,6,0,Satellite.mm10.repeatmasker
AATGGCTAGGTGTTGG-1,5.1656246,7.8187313,Pvalb,3,3,Satellite.mm10.repeatmasker
AATGGCTAGTTGAATG-1,7.467858,3.3737552,L4,1,2,Satellite.mm10.repeatmasker
AATGGCTCAGCGCGTT-1,11.326477,6.7710857,L6 IT,10,0,Satellite.mm10.repeatmasker
AATGGCTTCCAGTTAG-1,7.1019816,6.0751386,Vip,1,2,Satellite.mm10.repeatmasker
AATGGCTTCGATTACG-1,9.6369705,10.376185,L6 CT,11,0,Satellite.mm10.repeatmasker
AATGGCTTCGCTCGGA-1,4.137454,6.8619046,L2/3 IT,7,1,Satellite.mm10.repeatmasker
AATGTCGGTTGGCTTA-1,9.957194,4.392961,L2/3 IT,0,2,Satellite.mm10.repeatmasker
ACAAACCCACTCCTCA-1,5.02506,11.73534,L4,4,1,Satellite.mm10.repeatmasker
ACAAAGAAGCTGGAGT-1,10.413246,5.4317408,L2/3 IT,0,2,Satellite.mm10.repeatmasker
ACAAAGACAACAAACA-1,6.866419,10.019532,L6 IT,13,3,Satellite.mm10.repeatmasker
ACAAAGACATTACTTC-1,9.648908,11.806341,L2/3 IT,8,0,Satellite.mm10.repeatmasker
ACAAAGAGTTTGCCCT-1,5.4710555,11.482519,L4,4,1,Satellite.mm10.repeatmasker
ACAAAGATCTGTGTGA-1,8.865962,12.62251,L2/3 IT,8,0,Satellite.mm10.repeatmasker
ACAAGCTCAATCCATG-1,10.985857,4.8073206,L2/3 IT,0,2,Satellite.mm10.repeatmasker
ACAAGCTCAATGCACT-1,9.146622,7.7162004,L2/3 IT,9,0,Satellite.mm10.repeatmasker
ACAAGCTCATACTGCA-1,8.383786,9.0329275,L2/3 IT,15,0,Satellite.mm10.repeatmasker
ACAAGCTTCCATGTTT-1,5.71322,5.5372605,L2/3 IT,1,1,Satellite.mm10.repeatmasker
ACAATCGAGAACGTTA-1,5.4676805,5.5614214,L6 IT,7,1,Satellite.mm10.repeatmasker
ACAATCGGTATGGGTG-1,3.9359002,9.580733,L4,14,1,Satellite.mm10.repeatmasker
ACAGAAAGTCGAGGTA-1,5.7199526,8.275143,Pvalb,3,3,Satellite.mm10.repeatmasker
ACAGAAATCGACTTAG-1,6.7648625,8.422967,L2/3 IT,3,3,Satellite.mm10.repeatmasker
ACAGAAATCGCCCTTA-1,11.661071,5.3375244,L4,0,2,Satellite.mm10.repeatmasker
ACAGACTTCCATATCT-1,10.481526,5.595961,L6 IT,0,2,Satellite.mm10.repeatmasker
ACAGACTTCTGTAGAC-1,7.0618896,8.425343,L2/3 IT,3,3,Satellite.mm10.repeatmasker
ACAGCGCAGTTAGCAA-1,5.592087,7.5805907,Pvalb,3,3,Satellite.mm10.repeatmasker
ACAGCGCCAATTGTGC-1,11.120291,9.19779,L6 IT,12,0,Satellite.mm10.repeatmasker
ACAGCGCCACCTGGTG-1,7.634493,5.8057466,L5 IT,14,1,Satellite.mm10.repeatmasker
ACAGCGCCACTCCCAT-1,6.4614654,7.3757567,L4,3,3,Satellite.mm10.repeatmasker
ACAGCGCTCGCAAGCC-1,9.10113,5.799333,L6 IT,0,2,Satellite.mm10.repeatmasker
ACATGCACAAGCCCTG-1,3.6377945,6.6260357,L2/3 IT,7,1,Satellite.mm10.repeatmasker
ACATGCATCCCACTTG-1,4.144898,11.436351,L5 IT,4,1,Satellite.mm10.repeatmasker
ACATGGTCATTTGGCA-1,6.4215817,6.699894,Pvalb,3,3,Satellite.mm10.repeatmasker
ACCAAACAGCGTTGCC-1,5.9869957,4.0268626,L6 CT,1,2,Satellite.mm10.repeatmasker
ACCAAACAGCTGAATA-1,5.2165356,9.636417,L4,14,1,Satellite.mm10.repeatmasker
ACCAAACCAAACGACG-1,7.175597,5.880934,L4,1,2,Satellite.mm10.repeatmasker
ACCAAACGTGCATTCA-1,8.132068,4.6947427,L6 IT,1,2,Satellite.mm10.repeatmasker
ACCAAACTCACTACCC-1,10.126486,9.904032,L2/3 IT,11,0,Satellite.mm10.repeatmasker
ACCATCCAGTGAGTGC-1,4.377789,11.517411,L4,4,1,Satellite.mm10.repeatmasker
ACCATCCGTTTCCTAT-1,12.574374,9.452982,L6 IT,6,0,Satellite.mm10.repeatmasker
ACCCAAAAGATCGCCC-1,5.2690663,7.6051397,L6 IT,3,3,Satellite.mm10.repeatmasker
ACCGAATAGAATACTG-1,5.8423886,9.355583,L2/3 IT,13,1,Satellite.mm10.repeatmasker
ACCGCAGCAACAACTC-1,6.3661876,4.6085176,L6 CT,1,2,Satellite.mm10.repeatmasker
ACCGGGTAGGATTTGA-1,11.481798,4.657129,L5 IT,0,2,Satellite.mm10.repeatmasker
ACCGGGTCAAGCAATA-1,3.8478193,11.424648,L6 IT,4,1,Satellite.mm10.repeatmasker
ACCGGGTCACGCGATC-1,4.7976804,11.4855795,Pvalb,4,1,Satellite.mm10.repeatmasker
ACCGGGTTCTGGCCAG-1,4.810405,8.2214,L2/3 IT,5,1,Satellite.mm10.repeatmasker
ACCTGCTAGAATCAGT-1,12.7016535,8.353426,NP,6,0,Satellite.mm10.repeatmasker
ACCTGCTTCCATTGAG-1,10.03858,3.6422849,L4,0,2,Satellite.mm10.repeatmasker
ACGGATTAGCTGGAGT-1,4.8109837,10.341867,L2/3 IT,4,1,Satellite.mm10.repeatmasker
ACGGATTCAACCTCCT-1,9.115841,8.447446,L2/3 IT,9,0,Satellite.mm10.repeatmasker
ACGGATTCACAACGGA-1,12.5500965,11.010932,L6 IT,2,0,Satellite.mm10.repeatmasker
ACGGATTCATCAGAAA-1,8.667264,6.4236093,L4,0,2,Satellite.mm10.repeatmasker
ACGGATTGTAAGTGCG-1,10.952027,6.7449737,L6 IT,10,0,Satellite.mm10.repeatmasker
ACGGATTGTCCCGAGT-1,9.025717,11.642565,L4,8,0,Satellite.mm10.repeatmasker
ACGGATTTCACTACCC-1,11.356297,8.389494,Microglia,12,0,Satellite.mm10.repeatmasker
ACGTGGCAGATGGGTC-1,11.72201,9.841313,No Annotation,2,0,Satellite.mm10.repeatmasker
ACGTGGCCACAGATGG-1,5.7674856,7.794283,L2/3 IT,3,3,Satellite.mm10.repeatmasker
ACGTTAGAGAGGCGGA-1,5.69576,7.555985,16,3,3,Satellite.mm10.repeatmasker
ACGTTAGCACGTTAGT-1,10.13125,9.487729,L4,11,0,Satellite.mm10.repeatmasker
ACGTTAGCATCTCTCG-1,6.595931,10.313437,L2/3 IT,14,1,Satellite.mm10.repeatmasker
ACGTTAGGTATATGGA-1,5.8378935,8.245254,L6 IT,3,3,Satellite.mm10.repeatmasker
ACGTTAGGTGTGTGTT-1,8.069276,4.0756907,L2/3 IT,1,2,Satellite.mm10.repeatmasker
ACTAACGAGAATCAAC-1,8.51082,4.5001307,L4,1,2,Satellite.mm10.repeatmasker
ACTAACGCACGGCCAT-1,3.2290902,11.151574,Vip,4,1,Satellite.mm10.repeatmasker
ACTAACGTCGCCCTTA-1,9.071928,8.2203455,L2/3 IT,9,0,Satellite.mm10.repeatmasker
ACTACCCCATTTCACT-1,2.5232296,8.732925,L6 CT,5,1,Satellite.mm10.repeatmasker
ACTACCCTCACGTCAA-1,9.508947,4.6320367,L6 IT,0,2,Satellite.mm10.repeatmasker
ACTACCCTCCAACAAC-1,5.207359,10.5871105,L2/3 IT,4,1,Satellite.mm10.repeatmasker
ACTACGAAGAGAGTTT-1,2.708404,7.058812,L2/3 IT,5,1,Satellite.mm10.repeatmasker
ACTACGAAGGTAAGTT-1,10.411117,5.7623305,L2/3 IT,0,2,Satellite.mm10.repeatmasker
ACTACGAAGTCCCTCT-1,9.231271,6.6908026,L5 IT,0,2,Satellite.mm10.repeatmasker
ACTACGACACAACGGA-1,2.3831456,8.157585,L6 IT,5,1,Satellite.mm10.repeatmasker
ACTACGACATCCCTTG-1,10.997914,10.282253,L4,2,0,Satellite.mm10.repeatmasker
ACTACGACATGGGACA-1,10.607163,6.084851,6,0,2,Satellite.mm10.repeatmasker
ACTACGATCACACGTA-1,11.668853,10.204454,L6 IT,2,0,Satellite.mm10.repeatmasker
ACTAGGTCACCTTGTC-1,7.8656006,6.3734837,No Annotation,3,3,Satellite.mm10.repeatmasker
ACTAGGTGTTGGACGA-1,11.966697,9.773144,L2/3 IT,12,0,Satellite.mm10.repeatmasker
ACTAGGTTCGACTGGC-1,5.834794,10.515561,L2/3 IT,13,1,Satellite.mm10.repeatmasker
ACTATTCAGTTCAAGA-1,10.164629,5.4720197,Astrocytes,0,2,Satellite.mm10.repeatmasker
ACTCGGGGTCGGCTGT-1,6.537987,7.584785,L6 CT,3,3,Satellite.mm10.repeatmasker
ACTCGGGTCACAACAC-1,3.9141636,8.841235,L4,5,1,Satellite.mm10.repeatmasker
ACTGCAAAGCGTCAAG-1,10.475255,9.556744,L2/3 IT,2,0,Satellite.mm10.repeatmasker
ACTGCGGGTATTCTTC-1,10.835315,7.874165,L4,10,0,Satellite.mm10.repeatmasker
ACTGTCCAGATCGAGC-1,10.6893425,5.8567357,L4,0,2,Satellite.mm10.repeatmasker
ACTGTCCTCGTGGCGT-1,9.639831,8.24298,Microglia,9,0,Satellite.mm10.repeatmasker
ACTTCCGAGAGACTCG-1,2.6067271,7.6887317,L6 CT,5,1,Satellite.mm10.repeatmasker
ACTTCCGTCACGTGTA-1,11.106519,8.78948,L6 CT,12,0,Satellite.mm10.repeatmasker
ACTTTCAGTGCGACCT-1,9.73747,9.586325,L2/3 IT,11,0,Satellite.mm10.repeatmasker
ACTTTCATCCATCATT-1,4.0169024,9.922206,L2/3 IT,4,1,Satellite.mm10.repeatmasker
ACTTTCATCGGATAGG-1,5.751656,4.529499,L2/3 IT,1,2,Satellite.mm10.repeatmasker
AGACAAAAGATGCGAC-1,6.8078227,5.5404882,L2/3 IT,7,1,Satellite.mm10.repeatmasker
AGACAAACAATGATGA-1,13.139975,9.023366,L4,6,0,Satellite.mm10.repeatmasker
AGACAAACACGCGCAT-1,7.5847545,6.772293,L6 IT,3,3,Satellite.mm10.repeatmasker
AGACAAACAGCAAACG-1,9.09144,5.779858,L5 IT,0,2,Satellite.mm10.repeatmasker
AGACAAAGTGATCAGG-1,5.864254,4.6151314,L2/3 IT,1,2,Satellite.mm10.repeatmasker
AGACAAATCCTGACCT-1,8.168265,11.454245,L5 IT,11,0,Satellite.mm10.repeatmasker
AGACAAATCGGAAAGC-1,2.5051522,8.926391,L6 IT,5,1,Satellite.mm10.repeatmasker
AGACAAATCGTTCTAT-1,12.182587,9.944328,L2/3 IT,2,0,Satellite.mm10.repeatmasker
AGATAGAAGCGTTAGG-1,11.331538,11.940609,L6 IT,2,0,Satellite.mm10.repeatmasker
AGATAGAAGCTGAGGT-1,11.9609,11.585364,L2/3 IT,2,0,Satellite.mm10.repeatmasker
AGATAGAAGGCAAGGG-1,11.281764,9.495258,L6 IT,2,0,Satellite.mm10.repeatmasker
AGATTCGAGAACAGGA-1,13.679307,9.084563,L6 CT,6,0,Satellite.mm10.repeatmasker
AGATTCGAGCCATCAT-1,9.299601,9.050823,Microglia,9,0,Satellite.mm10.repeatmasker
AGATTCGAGGTACATA-1,6.016046,5.0566487,L5 PT,1,2,Satellite.mm10.repeatmasker
AGATTCGAGTCCCGCA-1,9.030372,5.125588,16,0,2,Satellite.mm10.repeatmasker
AGATTCGCACAGATGG-1,4.101302,9.266921,NP,14,1,Satellite.mm10.repeatmasker
AGATTCGGTCCTTATT-1,12.962246,9.78844,L6 IT,6,0,Satellite.mm10.repeatmasker
AGATTCGGTGTTAGAA-1,9.13577,4.495091,L2/3 IT,0,2,Satellite.mm10.repeatmasker
AGATTCGTCACGTCAA-1,12.228451,8.388206,L6 IT,12,0,Satellite.mm10.repeatmasker
AGCCAGCAGTGCACAG-1,5.2697954,10.1053705,L2/3 IT,4,1,Satellite.mm10.repeatmasker
AGCCCGAAGGAGGCGA-1,9.771334,9.491682,L6 IT,11,0,Satellite.mm10.repeatmasker
AGCCCGACAATGCACT-1,8.478801,5.338686,L4,15,0,Satellite.mm10.repeatmasker
AGCCCGAGTACCAAGG-1,7.3273787,6.7241254,L2/3 IT,3,3,Satellite.mm10.repeatmasker
AGCCGCAAGCAATAAC-1,13.6635895,8.532558,L6 IT,6,0,Satellite.mm10.repeatmasker
AGCCTCTAGATTAGAC-1,13.122519,8.378504,L6 CT,6,0,Satellite.mm10.repeatmasker
AGCCTCTAGCCAGAAC-1,8.885672,5.9221787,Astrocytes,15,0,Satellite.mm10.repeatmasker
AGCCTCTCAAGCCAGA-1,5.1522055,7.193986,L2/3 IT,3,3,Satellite.mm10.repeatmasker
AGCCTCTGTGCGCTCA-1,5.742249,10.071433,L4,4,1,Satellite.mm10.repeatmasker
AGCCTCTTCTATACCT-1,6.4472227,7.965821,L6 CT,3,3,Satellite.mm10.repeatmasker
AGCCTGGTCAGCCGGT-1,8.526638,12.138599,L2/3 IT,8,0,Satellite.mm10.repeatmasker
AGCGATTAGGTCTTTG-1,10.860978,10.835394,L4,2,0,Satellite.mm10.repeatmasker
AGCGATTCAGAACTTC-1,5.37061,9.124442,L2/3 IT,4,1,Satellite.mm10.repeatmasker
AGCGATTCATTTGGTG-1,8.480381,6.197368,L2/3 IT,1,2,Satellite.mm10.repeatmasker
AGCGTATGTACGGAGT-1,8.375972,7.023113,L6 CT,6,0,Satellite.mm10.repeatmasker
AGCGTATGTGAGTCGA-1,11.020688,4.648883,L4,0,2,Satellite.mm10.repeatmasker
AGCGTATTCGCAACTA-1,11.533281,7.579803,L6 CT,10,0,Satellite.mm10.repeatmasker
AGCGTGCAGACTCTTG-1,7.8759823,3.419603,L4,1,2,Satellite.mm10.repeatmasker
AGCGTGCGTATTTGCG-1,8.601233,8.648773,L2/3 IT,9,0,Satellite.mm10.repeatmasker
AGCGTGCTCATGTTCT-1,9.546138,3.6442578,NP,0,2,Satellite.mm10.repeatmasker
AGCGTGCTCCTCTCTT-1,11.166546,8.569316,L6 IT,12,0,Satellite.mm10.repeatmasker
AGCGTGCTCTCCTTGG-1,10.982362,10.786172,L4,2,0,Satellite.mm10.repeatmasker
AGCTATGAGCAGAAAG-1,2.507955,8.627514,Sst,5,1,Satellite.mm10.repeatmasker
AGCTATGAGGGTCTGA-1,8.432704,12.038479,L4,8,0,Satellite.mm10.repeatmasker
AGCTATGAGTCGGGAT-1,13.243666,8.326317,L6 CT,6,0,Satellite.mm10.repeatmasker
AGCTATGCATCATAGC-1,4.2372,9.469842,Pvalb,14,1,Satellite.mm10.repeatmasker
AGCTGATAGATGTTGA-1,6.9821987,8.990981,L4,15,1,Satellite.mm10.repeatmasker
AGCTGATTCACCCGGA-1,10.920657,9.386425,L6 IT,11,0,Satellite.mm10.repeatmasker
AGCTGGCCAAGAGATT-1,6.3125353,6.079206,L4,7,1,Satellite.mm10.repeatmasker
AGCTGGCCAGCGTCGT-1,9.22613,6.6850815,L4,0,2,Satellite.mm10.repeatmasker
AGCTGTACATCGAGTT-1,10.627207,8.606267,L2/3 IT,9,0,Satellite.mm10.repeatmasker
AGCTGTATCAGGGTTT-1,10.15438,7.891715,No Annotation,9,0,Satellite.mm10.repeatmasker
AGGACGAAGGGAGTTC-1,11.183144,4.615115,L4,0,2,Satellite.mm10.repeatmasker
AGGCCCAAGGGCATTG-1,8.588457,12.2215805,L2/3 IT,8,0,Satellite.mm10.repeatmasker
AGGCCCAAGTACCTCA-1,5.407403,5.1959567,L5 PT,1,2,Satellite.mm10.repeatmasker
AGGCCCACATTCCCGT-1,13.179582,9.735467,Vip,6,0,Satellite.mm10.repeatmasker
AGGCCCAGTCCCGTGA-1,8.9043665,8.560638,L2/3 IT,15,0,Satellite.mm10.repeatmasker
AGGCGAAAGCGTAGCA-1,9.606793,9.788561,L2/3 IT,11,0,Satellite.mm10.repeatmasker
AGGCGAAAGGGTTCCC-1,3.8114002,7.980758,L2/3 IT,5,1,Satellite.mm10.repeatmasker
AGGCGAATCTATCTTG-1,4.2729964,6.670708,L2/3 IT,7,1,Satellite.mm10.repeatmasker
AGGCGAATCTGGCACG-1,12.7809,10.982968,L5 PT,2,0,Satellite.mm10.repeatmasker
AGGCGTCAGAGCGAAA-1,9.717341,6.8055434,6,0,2,Satellite.mm10.repeatmasker
AGGCGTCGTAGTGATA-1,2.606936,9.06188,Pvalb,5,1,Satellite.mm10.repeatmasker
AGGCGTCTCCAGTTAG-1,12.356524,8.042715,Microglia,6,0,Satellite.mm10.repeatmasker
AGGCGTCTCCGGCTGA-1,6.2435575,8.678236,Pvalb,15,1,Satellite.mm10.repeatmasker
AGTCAACAGTCACACT-1,7.8052177,4.9988055,L4,1,2,Satellite.mm10.repeatmasker
AGTCAACCAACGTCCG-1,13.583781,9.271147,L5 PT,6,0,Satellite.mm10.repeatmasker
AGTGCCGAGATATGAC-1,7.0397735,5.699741,L2/3 IT,1,2,Satellite.mm10.repeatmasker
AGTGCGCCACTTATGG-1,4.40265,8.768372,L2/3 IT,14,1,Satellite.mm10.repeatmasker
AGTGCGCTCCACGGCA-1,8.5621395,5.9136987,L4,15,0,Satellite.mm10.repeatmasker
AGTGCGCTCGTTACAG-1,9.245806,9.758141,L2/3 IT,7,1,Satellite.mm10.repeatmasker
AGTGCGCTCTATCTTG-1,11.072843,12.163907,L6 CT,2,0,Satellite.mm10.repeatmasker
AGTGTACGTTCTACGA-1,3.7418892,8.385975,L5 PT,13,1,Satellite.mm10.repeatmasker
AGTGTACTCGCTTGAA-1,8.315387,11.381014,L4,11,0,Satellite.mm10.repeatmasker
AGTTACGGTCCGTAGC-1,3.2072227,8.624742,L6 CT,5,1,Satellite.mm10.repeatmasker
AGTTTGGAGCCCATGC-1,9.905189,7.7902017,Astrocytes,9,0,Satellite.mm10.repeatmasker
AGTTTGGAGTAATCAG-1,12.462721,10.412247,L5 PT,2,0,Satellite.mm10.repeatmasker
ATAGGCTAGAGGAAGT-1,11.470725,9.664962,L4,8,0,Satellite.mm10.repeatmasker
ATAGGCTAGTCGCCTG-1,10.7190895,7.9411607,L2/3 IT,10,0,Satellite.mm10.repeatmasker
ATATTCCAGAAGACTT-1,6.2023168,4.060053,Pvalb,1,2,Satellite.mm10.repeatmasker
ATATTCCAGTCATCTG-1,8.360509,3.9189825,L6 IT,1,2,Satellite.mm10.repeatmasker
ATATTCCCACACATGT-1,3.7529042,9.314212,L6 CT,14,1,Satellite.mm10.repeatmasker
ATATTCCTCACTAGCA-1,10.097822,8.684332,L6 CT,10,0,Satellite.mm10.repeatmasker
ATCCAGAAGCTATCCA-1,8.62634,8.961827,L4,15,0,Satellite.mm10.repeatmasker
ATCCCTGAGCATACCT-1,6.2643995,9.253154,L6 IT,4,1,Satellite.mm10.repeatmasker
ATCCCTGCACAGATGG-1,3.4765797,7.5657954,L6 IT,5,1,Satellite.mm10.repeatmasker
ATCCTGCCAGGCAAGT-1,8.194738,10.098885,L2/3 IT,8,0,Satellite.mm10.repeatmasker
ATCCTGCCATTCACGA-1,6.131647,11.222243,L2/3 IT,13,1,Satellite.mm10.repeatmasker
ATCCTGCTCTTAAGCG-1,6.146724,7.5788703,L5 IT,3,3,Satellite.mm10.repeatmasker
ATCGAGTAGAGTGGAA-1,6.6917005,5.609444,L6 CT,1,2,Satellite.mm10.repeatmasker
ATCGAGTTCTTATCAC-1,5.9867096,10.782123,Pvalb,5,1,Satellite.mm10.repeatmasker
ATGCATGAGTAGTTCC-1,6.7535257,8.424627,L2/3 IT,3,3,Satellite.mm10.repeatmasker
ATGGATCAGATCGATA-1,8.399608,11.127148,L6 CT,11,0,Satellite.mm10.repeatmasker
ATGGATCAGTCTAGAA-1,9.159602,9.921206,L4,11,0,Satellite.mm10.repeatmasker
ATGGATCCAAACCTAC-1,7.2242074,4.380239,L6 IT,1,2,Satellite.mm10.repeatmasker
ATGGATCCATCGCTAA-1,12.894344,10.231132,L2/3 IT,2,0,Satellite.mm10.repeatmasker
ATGGATCGTCCTCAGG-1,8.175153,9.831319,L4,10,0,Satellite.mm10.repeatmasker
ATGGATCTCTGGCACG-1,6.2691326,8.140536,L2/3 IT,3,3,Satellite.mm10.repeatmasker
ATGGATCTCTTGGCCT-1,2.920952,7.6283665,L2/3 IT,5,1,Satellite.mm10.repeatmasker
ATGTACGCATAGTCCA-1,5.917226,9.873903,L2/3 IT,14,1,Satellite.mm10.repeatmasker
ATGTACGGTCGTAGTT-1,10.8649645,11.257927,L6 IT,2,0,Satellite.mm10.repeatmasker
ATGTCGATCCGCTCTA-1,10.250959,7.9367833,Microglia,9,0,Satellite.mm10.repeatmasker
ATGTCGATCCTTTGCG-1,7.07716,4.5501084,Pvalb,1,2,Satellite.mm10.repeatmasker
ATGTCTTAGATGGGAA-1,7.6068606,7.2091384,L2/3 IT,3,3,Satellite.mm10.repeatmasker
ATGTTTCAGAGAGTTT-1,10.287323,4.5452967,L2/3 IT,0,2,Satellite.mm10.repeatmasker
ATGTTTCAGCATACCT-1,12.848548,10.488173,L6 CT,2,0,Satellite.mm10.repeatmasker
ATGTTTCCAACTGCGC-1,2.7426589,8.627159,L5 PT,5,1,Satellite.mm10.repeatmasker
ATGTTTCTCGAGAAGC-1,8.849186,11.897591,L2/3 IT,8,0,Satellite.mm10.repeatmasker
ATGTTTCTCGTTCAGA-1,8.180861,8.645346,L2/3 IT,9,0,Satellite.mm10.repeatmasker
ATTACCTCATTCACCC-1,12.238022,11.282953,L5 PT,2,0,Satellite.mm10.repeatmasker
ATTACCTTCACGATTG-1,3.2708673,11.473259,Sst,4,1,Satellite.mm10.repeatmasker
ATTACCTTCCGGAAAG-1,6.9753704,3.431968,Pvalb,1,2,Satellite.mm10.repeatmasker
ATTCGTTAGGAATGGA-1,5.2426896,9.308465,Astrocytes,4,1,Satellite.mm10.repeatmasker
ATTCGTTCAACCTCTC-1,4.2311,7.5926986,L2/3 IT,7,1,Satellite.mm10.repeatmasker
ATTCGTTGTTGCTTGA-1,9.04187,8.494962,L5 PT,9,0,Satellite.mm10.repeatmasker
ATTCGTTGTTTGAAGA-1,9.754149,10.391126,L6 CT,11,0,Satellite.mm10.repeatmasker
ATTCGTTTCTCCACTG-1,9.2571945,5.371537,Pvalb,0,2,Satellite.mm10.repeatmasker
ATTGTCTCAGCTGATT-1,5.143793,11.07494,L2/3 IT,4,1,Satellite.mm10.repeatmasker
ATTGTCTTCACGTGTA-1,6.9980774,4.9799113,Pvalb,1,2,Satellite.mm10.repeatmasker
ATTGTCTTCCATCATT-1,4.5774236,6.0553627,L4,7,1,Satellite.mm10.repeatmasker
ATTGTCTTCCCACTTG-1,9.794321,8.683594,L2/3 IT,9,0,Satellite.mm10.repeatmasker
ATTGTCTTCTCATATC-1,10.965171,8.178388,L6 CT,10,0,Satellite.mm10.repeatmasker
ATTGTCTTCTCGTGAA-1,4.1604004,8.320781,L6 IT,7,1,Satellite.mm10.repeatmasker
ATTGTGGAGTCAACTC-1,5.866233,6.9911213,L6 IT,3,3,Satellite.mm10.repeatmasker
CAAAGCTAGGTTAGTA-1,6.337544,11.392012,L4,13,1,Satellite.mm10.repeatmasker
CAAAGCTCAAGTCTGT-1,13.613683,8.544336,L2/3 IT,6,0,Satellite.mm10.repeatmasker
CAAAGCTCATGACTGT-1,3.8698733,9.1020355,16,5,1,Satellite.mm10.repeatmasker
CAAAGCTGTATCTGCA-1,4.7894278,6.786498,L2/3 IT,7,1,Satellite.mm10.repeatmasker
CAACCAAAGTCTGCTA-1,4.236616,8.70811,L6 IT,14,1,Satellite.mm10.repeatmasker
CAACCAACAAAGGCCA-1,9.260881,11.729801,L5 IT,8,0,Satellite.mm10.repeatmasker
CAACCAACATCAACTG-1,7.468715,11.479422,L5 PT,4,1,Satellite.mm10.repeatmasker
CAACCAAGTTTGTGAC-1,7.288248,5.5695043,L2/3 IT,1,2,Satellite.mm10.repeatmasker
CAACGGCCACCCTTAC-1,5.628572,4.3354273,L4,1,2,Satellite.mm10.repeatmasker
CAACGGCGTGACAAGC-1,5.7862563,3.7806811,L2/3 IT,1,2,Satellite.mm10.repeatmasker
CAACGTATCAAGGCAG-1,10.9181595,6.8463826,16,10,0,Satellite.mm10.repeatmasker
CAACGTATCCACGCTT-1,2.9312906,6.8923426,L5 PT,5,1,Satellite.mm10.repeatmasker
CAAGAAAGTTCCATCC-1,8.944461,5.9809637,L4,0,2,Satellite.mm10.repeatmasker
CAAGAAATCCCACTAC-1,9.667888,8.162958,Sst,9,0,Satellite.mm10.repeatmasker
CAAGAAATCGGTCCGA-1,12.0427685,5.7600074,Microglia,0,2,Satellite.mm10.repeatmasker
CAAGCTAAGACTTCCA-1,3.8301375,10.313599,Sst,4,1,Satellite.mm10.repeatmasker
CAAGGCCTCCAACCTC-1,11.104089,4.252281,16,0,2,Satellite.mm10.repeatmasker
CACAACAAGTGAATAC-1,4.727775,9.380466,Vip,14,1,Satellite.mm10.repeatmasker
CACAACAGTGCAACAG-1,11.072627,10.54739,L2/3 IT,2,0,Satellite.mm10.repeatmasker
CACAGATCACGCTAAT-1,8.253848,4.3687005,L6 IT,1,2,Satellite.mm10.repeatmasker
CACAGATTCCTAAAGC-1,9.022667,6.2494025,L4,0,2,Satellite.mm10.repeatmasker
CACATGAGTGACAAGC-1,2.8753352,9.722698,Sst,5,1,Satellite.mm10.repeatmasker
CACATGATCGAACACT-1,5.843877,9.245166,L4,4,1,Satellite.mm10.repeatmasker
CACCACTAGTTGGAAT-1,11.466273,10.452058,L6 IT,2,0,Satellite.mm10.repeatmasker
CACCACTCAAACGACG-1,4.4768124,9.614454,L2/3 IT,14,1,Satellite.mm10.repeatmasker
CACCACTTCACGTGTA-1,3.450519,11.100847,Astrocytes,4,1,Satellite.mm10.repeatmasker
CACCACTTCCACACCT-1,6.967392,10.378814,16,14,1,Satellite.mm10.repeatmasker
CACCACTTCTGATCCC-1,8.755402,10.640846,L6 IT,6,0,Satellite.mm10.repeatmasker
CACGTTCCAAGCAATA-1,4.1260376,8.946853,L5 PT,14,1,Satellite.mm10.repeatmasker
CACGTTCCATTCACCC-1,5.1384044,10.058343,L2/3 IT,4,1,Satellite.mm10.repeatmasker
CACTAAGCATGATTGC-1,9.0515175,11.350831,L6 IT,8,0,Satellite.mm10.repeatmasker
CACTAAGTCAGATACC-1,3.874635,9.312116,L6 IT,14,1,Satellite.mm10.repeatmasker
CACTGAAAGGCCTAAG-1,10.088729,5.416328,Astrocytes,0,2,Satellite.mm10.repeatmasker
CACTGAAAGTCGAGCA-1,10.4903755,9.039529,L2/3 IT,2,0,Satellite.mm10.repeatmasker
CACTGAACAGCACATT-1,3.5969927,10.793971,L2/3 IT,4,1,Satellite.mm10.repeatmasker
CACTGAAGTGAATGTA-1,10.37159,9.997293,L2/3 IT,2,0,Satellite.mm10.repeatmasker
CAGCCTTAGATTACGA-1,8.6834135,8.785831,L2/3 IT,9,0,Satellite.mm10.repeatmasker
CAGCCTTAGTAGTCGG-1,6.2783055,10.765233,Pvalb,13,3,Satellite.mm10.repeatmasker
CAGCCTTCAGTTACAC-1,8.142258,3.976962,L6 IT,1,2,Satellite.mm10.repeatmasker
CAGCCTTTCTATAGGC-1,10.272779,7.547708,L2/3 IT,6,0,Satellite.mm10.repeatmasker
CAGCTAACATCCCGGA-1,10.53857,9.798104,L6 CT,11,0,Satellite.mm10.repeatmasker
CAGCTAAGTACCAAGG-1,7.3260355,4.938827,L4,1,2,Satellite.mm10.repeatmasker
CAGCTGGTCTTACCTA-1,9.414393,3.8813102,L2/3 IT,0,2,Satellite.mm10.repeatmasker
CAGGATTAGTTAGCAA-1,11.762102,11.672535,L2/3 IT,2,0,Satellite.mm10.repeatmasker
CAGGATTCAATGGCTT-1,2.735772,8.53565,Sst,5,1,Satellite.mm10.repeatmasker
CAGGATTCAGAAAGAG-1,8.034536,11.505825,L4,11,0,Satellite.mm10.repeatmasker
CAGGGCTAGGAGTCTG-1,3.4836397,10.790131,Pvalb,4,1,Satellite.mm10.repeatmasker
CAGGGCTCAACTACTG-1,11.447144,12.163174,L5 PT,2,0,Satellite.mm10.repeatmasker
CAGGGCTCACAATAAG-1,3.675695,6.3564897,L6 CT,7,1,Satellite.mm10.repeatmasker
CAGGGCTGTACTATGC-1,5.206486,8.062818,L2/3 IT,3,3,Satellite.mm10.repeatmasker
CAGTATGCACAAACAA-1,12.021038,8.264573,L6 CT,6,0,Satellite.mm10.repeatmasker
CAGTATGCATGCCCTT-1,8.920627,11.892089,L6 CT,8,0,Satellite.mm10.repeatmasker
CAGTGCGAGTACAGTA-1,11.659334,11.15348,L2/3 IT,2,0,Satellite.mm10.repeatmasker
CAGTGTAAGTTCAAGA-1,9.125827,11.852446,L2/3 IT,8,0,Satellite.mm10.repeatmasker
CAGTGTAGTAGGGTTG-1,8.9218025,12.543974,L6 CT,8,0,Satellite.mm10.repeatmasker
CAGTGTATCAAACCCA-1,11.990241,9.901108,L2/3 IT,2,0,Satellite.mm10.repeatmasker
CATAACGAGCCTCGCA-1,6.7219243,4.6657457,L6 CT,1,2,Satellite.mm10.repeatmasker
CATAACGTCAATCGTG-1,10.295703,10.414632,Microglia,12,0,Satellite.mm10.repeatmasker
CATGCCTTCCAATCCC-1,2.7479165,9.581809,Pvalb,5,1,Satellite.mm10.repeatmasker
CATGCCTTCTTGTGCC-1,3.6304214,11.59286,16,4,1,Satellite.mm10.repeatmasker
CATGTTTAGACGAAAG-1,12.97544,9.225997,L6 IT,6,0,Satellite.mm10.repeatmasker
CATGTTTCAAGTAACA-1,3.3079293,6.466116,L6 CT,7,0,Satellite.mm10.repeatmasker
CATGTTTTCAGGCGCT-1,8.002512,4.172274,Sst,1,2,Satellite.mm10.repeatmasker
CATTCATCACGTGAAG-1,9.889308,5.776,L5 PT,0,2,Satellite.mm10.repeatmasker
CATTCATCACTACACA-1,8.854719,9.809203,L2/3 IT,15,0,Satellite.mm10.repeatmasker
CATTCATCATCCCTTG-1,12.490044,11.4285,L6 IT,2,0,Satellite.mm10.repeatmasker
CATTCATTCCTTTGAT-1,10.972177,5.8247547,L6 CT,0,2,Satellite.mm10.repeatmasker
CATTCCGGTCATAAGA-1,5.2782736,7.4266124,L6 IT,3,3,Satellite.mm10.repeatmasker
CATTCCGGTGAGGGTT-1,11.813953,5.891919,Microglia,0,2,Satellite.mm10.repeatmasker
CATTGGAAGCCAGAAC-1,9.022873,6.082173,L6 IT,0,2,Satellite.mm10.repeatmasker
CATTGGAGTGGAAGCT-1,10.907675,6.3403034,L6 IT,10,0,Satellite.mm10.repeatmasker
CCAATGAAGAACGTCG-1,12.451134,9.65324,Microglia,2,0,Satellite.mm10.repeatmasker
CCAATGAAGTTAGAGT-1,11.745366,5.6921153,Endo,0,2,Satellite.mm10.repeatmasker
CCACAGGGTGCAAGCA-1,11.349656,9.589567,L2/3 IT,12,0,Satellite.mm10.repeatmasker
CCACGTTAGAGAGGTA-1,12.154483,10.247785,L2/3 IT,2,0,Satellite.mm10.repeatmasker
CCAGAATAGAAGCCGT-1,4.177074,9.757881,L5 IT,14,1,Satellite.mm10.repeatmasker
CCAGAATCACACACAT-1,10.538231,4.7063026,L5 IT,0,2,Satellite.mm10.repeatmasker
CCAGAATCATCCGTAA-1,12.906647,7.664809,L2/3 IT,6,0,Satellite.mm10.repeatmasker
CCAGAATTCACAAGCT-1,7.9733725,4.121397,Vip,1,2,Satellite.mm10.repeatmasker
CCAGATAAGGGAAGCG-1,10.974507,7.61682,6,10,0,Satellite.mm10.repeatmasker
CCAGATAAGGTTAACA-1,3.3859744,6.9928603,L5 IT,5,1,Satellite.mm10.repeatmasker
CCAGATAGTACTAGAA-1,3.175855,7.727679,L5 IT,5,1,Satellite.mm10.repeatmasker
CCAGATAGTAGTGATA-1,11.943216,10.298596,L2/3 IT,12,0,Satellite.mm10.repeatmasker
CCAGATATCCATCTAT-1,10.984957,9.384278,L5 IT,11,0,Satellite.mm10.repeatmasker
CCAGATATCGACCCGA-1,4.1695724,7.2770696,L2/3 IT,7,1,Satellite.mm10.repeatmasker
CCAGATATCTATAGGC-1,6.645223,8.938079,L2/3 IT,15,1,Satellite.mm10.repeatmasker
CCATACCCAGCAACCC-1,9.788077,8.9993105,L2/3 IT,9,0,Satellite.mm10.repeatmasker
CCCACATGTCAGCTTA-1,10.751875,8.398379,L2/3 IT,10,0,Satellite.mm10.repeatmasker
CCCAGAGAGCACGTAG-1,8.640405,11.988996,L6 CT,8,0,Satellite.mm10.repeatmasker
CCCAGAGGTCAAATCC-1,7.184462,4.94468,L5 PT,1,2,Satellite.mm10.repeatmasker
CCCGTTAGTTGTATCG-1,8.716914,8.495193,L4,15,0,Satellite.mm10.repeatmasker
CCCGTTATCTCAGATG-1,11.447135,8.463712,L2/3 IT,12,0,Satellite.mm10.repeatmasker
CCCTAACGTTGGCTTA-1,3.3185177,8.049697,L5 PT,5,1,Satellite.mm10.repeatmasker
CCCTAGTAGCTGAATA-1,8.214879,10.587966,L6 IT,8,0,Satellite.mm10.repeatmasker
CCCTAGTCAAAGGCCA-1,11.2327385,11.86041,L4,2,0,Satellite.mm10.repeatmasker
CCCTAGTCAGGGTAAC-1,3.4500787,7.186612,L2/3 IT,7,1,Satellite.mm10.repeatmasker
CCCTCTCAGGCTCCTG-1,7.441228,3.4844391,L6 IT,1,2,Satellite.mm10.repeatmasker
CCCTCTCTCATTCATC-1,4.411608,9.362599,Pvalb,14,1,Satellite.mm10.repeatmasker
CCCTCTCTCGCGGCAT-1,4.0335336,5.897968,L5 IT,7,1,Satellite.mm10.repeatmasker
CCCTCTCTCGCTAGTA-1,11.564295,4.714108,L6 CT,0,2,Satellite.mm10.repeatmasker
CCCTGATAGTCAGGAC-1,11.432045,8.993823,Astrocytes,2,0,Satellite.mm10.repeatmasker
CCCTGATTCATCGCAA-1,12.9939165,8.027625,L6 CT,6,0,Satellite.mm10.repeatmasker
CCGAAGCAGCGCCTAC-1,6.190607,10.023633,L2/3 IT,14,1,Satellite.mm10.repeatmasker
CCGCATTCACGATTAC-1,12.303346,8.266014,L6 CT,6,0,Satellite.mm10.repeatmasker
CCGCATTTCACTTACT-1,11.654929,11.843491,L5 IT,2,0,Satellite.mm10.repeatmasker
CCGTGAGAGCAGAAAG-1,11.6355095,8.832995,L2/3 IT,12,0,Satellite.mm10.repeatmasker
CCTAAAGGTAGGGTCA-1,9.212714,11.21314,L6 IT,8,0,Satellite.mm10.repeatmasker
CCTAAAGGTATCTGCA-1,6.584692,4.9605217,L4,1,2,Satellite.mm10.repeatmasker
CCTAAAGTCCAGCACG-1,7.2313795,3.5708473,Pvalb,1,2,Satellite.mm10.repeatmasker
CCTATTACACGCTAAT-1,6.1673694,8.83496,Vip,15,1,Satellite.mm10.repeatmasker
CCTCCCTAGTACGCGA-1,11.909553,9.704344,No Annotation,12,0,Satellite.mm10.repeatmasker
CCTCCCTCATAGTCCA-1,7.8003078,5.0203667,L2/3 IT,1,2,Satellite.mm10.repeatmasker
CCTCCCTGTCGATTAC-1,6.7319975,9.073552,Pvalb,15,1,Satellite.mm10.repeatmasker
CCTCCCTTCCTATCCG-1,7.2233224,6.1895638,L6 CT,3,2,Satellite.mm10.repeatmasker
CCTGGGACAATTCGTG-1,3.0425897,8.362804,Pvalb,5,1,Satellite.mm10.repeatmasker
CCTGGGAGTTCTACCC-1,3.3472598,6.5536065,L2/3 IT,7,1,Satellite.mm10.repeatmasker
CCTGGGATCGCCAGAC-1,8.055744,3.900971,L5 IT,1,2,Satellite.mm10.repeatmasker
CCTTAATCAATGGTCT-1,11.388458,11.447742,L2/3 IT,2,0,Satellite.mm10.repeatmasker
CCTTAATGTTGAATAG-1,12.618482,10.808926,L6 CT,2,0,Satellite.mm10.repeatmasker
CCTTGGTAGAGATTAC-1,3.9847689,6.236616,L2/3 IT,7,1,Satellite.mm10.repeatmasker
CCTTGGTCACAGTTAC-1,9.364966,8.331472,L4,9,0,Satellite.mm10.repeatmasker
CCTTGGTCAGGTGTCC-1,4.562247,9.374016,L2/3 IT,14,1,Satellite.mm10.repeatmasker
CCTTGGTTCCTCATTA-1,7.041209,9.326376,L4,7,1,Satellite.mm10.repeatmasker
CGAGTTAGTGATAGAT-1,9.5717945,6.2475057,L2/3 IT,0,2,Satellite.mm10.repeatmasker
CGAGTTAGTGATCAGG-1,9.291984,6.661271,L2/3 IT,0,2,Satellite.mm10.repeatmasker
CGATGATAGATCGAGC-1,12.842548,8.391745,L6 CT,6,0,Satellite.mm10.repeatmasker
CGATGATAGTCACGCC-1,7.2470803,6.7062078,NP,3,3,Satellite.mm10.repeatmasker
CGATGATCAAACTACC-1,10.931332,5.3684926,L2/3 IT,0,2,Satellite.mm10.repeatmasker
CGCAATATCGAACACT-1,10.290975,3.8210263,L5 PT,0,2,Satellite.mm10.repeatmasker
CGCACAGAGGTTGACG-1,7.5692873,3.2062955,L4,1,2,Satellite.mm10.repeatmasker
CGCACAGCAGGCATTT-1,3.6378975,10.7737055,Sst,4,1,Satellite.mm10.repeatmasker
CGCACAGGTCGTCGCA-1,10.447823,5.1667037,L4,0,2,Satellite.mm10.repeatmasker
CGCACAGTCAATTGGC-1,10.308873,5.160134,L4,0,2,Satellite.mm10.repeatmasker
CGCACAGTCATTCATC-1,6.6861954,6.400455,L4,3,3,Satellite.mm10.repeatmasker
CGCACAGTCCCTACCA-1,12.410154,9.875047,L2/3 IT,12,0,Satellite.mm10.repeatmasker
CGCACAGTCTATTTCG-1,12.374968,11.374801,L4,2,0,Satellite.mm10.repeatmasker
CGCAGGTAGAGAGTAG-1,10.148211,7.681653,L6 CT,9,0,Satellite.mm10.repeatmasker
CGCAGGTAGTTTACGC-1,12.703618,8.825324,L6 CT,6,0,Satellite.mm10.repeatmasker
CGCAGGTTCGCTTCAC-1,6.837485,9.313804,L6 IT,13,3,Satellite.mm10.repeatmasker
CGCGCAACAGTAGTCT-1,3.438632,10.953962,L2/3 IT,4,1,Satellite.mm10.repeatmasker
CGCTAGGAGCTCGTTA-1,6.553477,6.594589,L6 IT,3,3,Satellite.mm10.repeatmasker
CGCTAGGCAAAGAAGG-1,6.8008747,4.1898427,Pvalb,1,2,Satellite.mm10.repeatmasker
CGCTAGGCAATCCATG-1,2.4080408,8.9930315,L6 CT,5,1,Satellite.mm10.repeatmasker
CGCTAGGGTCGAGAAC-1,12.97924,8.3955,L6 CT,6,0,Satellite.mm10.repeatmasker
CGCTATCAGAGTTTGA-1,8.9447155,6.5861893,L2/3 IT,0,2,Satellite.mm10.repeatmasker
CGCTATCAGTTGGAAT-1,10.488681,5.0037913,L2/3 IT,0,2,Satellite.mm10.repeatmasker
CGCTATCCAGACTAAA-1,12.930358,9.582682,L6 CT,6,0,Satellite.mm10.repeatmasker
CGCTATCCAGCAACGA-1,10.145835,7.061966,L6 IT,6,0,Satellite.mm10.repeatmasker
CGCTATCTCCTCCATG-1,8.668656,11.182926,L2/3 IT,8,0,Satellite.mm10.repeatmasker
CGCTGGAAGTACCCAT-1,10.9420805,6.07285,L2/3 IT,0,2,Satellite.mm10.repeatmasker
CGCTGGACATTAGCAC-1,8.557415,10.907787,L2/3 IT,8,0,Satellite.mm10.repeatmasker
CGCTGGATCCGAGGAA-1,10.854548,4.560549,L6 CT,0,2,Satellite.mm10.repeatmasker
CGGACCAAGAGGAAGT-1,12.099963,7.711349,Microglia,10,0,Satellite.mm10.repeatmasker
CGGACCAAGGAGTACC-1,5.2559047,8.467229,L2/3 IT,12,0,Satellite.mm10.repeatmasker
CGGACCAAGTGTCCCG-1,8.326233,5.630274,L2/3 IT,15,0,Satellite.mm10.repeatmasker
CGGACTGAGATGAGGA-1,10.671815,4.1300964,L6 CT,0,2,Satellite.mm10.repeatmasker
CGGACTGCAGTTACAC-1,3.4806652,8.193882,6,5,1,Satellite.mm10.repeatmasker
CGGACTGGTTTAGACC-1,7.031674,9.887725,NP,13,3,Satellite.mm10.repeatmasker
CGGTGCACAAAGGAAG-1,4.5811596,7.1411777,L4,7,1,Satellite.mm10.repeatmasker
CGGTGCAGTGTGAGGT-1,9.815581,6.9342904,L5 IT,10,0,Satellite.mm10.repeatmasker
CGTAAACAGACTTCCA-1,8.7529335,11.098807,L4,8,0,Satellite.mm10.repeatmasker
CGTAAACGTATTCACG-1,3.0603046,8.917734,Pvalb,5,1,Satellite.mm10.repeatmasker
CGTAAACTCAACACGT-1,4.8079123,10.688939,L4,4,1,Satellite.mm10.repeatmasker
CGTAAACTCATCATGG-1,9.754101,5.8634963,L2/3 IT,0,2,Satellite.mm10.repeatmasker
CGTACAAAGAGACTCG-1,10.959218,9.496074,L2/3 IT,2,0,Satellite.mm10.repeatmasker
CGTACAACACTCAAGT-1,5.3986664,11.603217,L4,4,1,Satellite.mm10.repeatmasker
CGTACAACATAGCCAT-1,10.753933,9.660945,L2/3 IT,2,0,Satellite.mm10.repeatmasker
CGTGGCAAGGTTCGTT-1,8.827711,7.735328,L2/3 IT,9,0,Satellite.mm10.repeatmasker
CGTGGCATCATTCTTG-1,10.274417,4.8123493,L4,0,2,Satellite.mm10.repeatmasker
CTAACTTCATGGCCCA-1,8.552582,6.50104,L2/3 IT,0,2,Satellite.mm10.repeatmasker
CTACAGAAGATCGCCC-1,7.6511397,5.391802,L4,1,2,Satellite.mm10.repeatmasker
CTACAGAGTCCAACCG-1,12.973967,9.70941,16,6,0,Satellite.mm10.repeatmasker
CTACAGATCGAGCGCT-1,12.240395,11.370748,L2/3 IT,2,0,Satellite.mm10.repeatmasker
CTACTTAAGGGTTCCC-1,8.346793,10.341784,L4,8,0,Satellite.mm10.repeatmasker
CTACTTAGTTCCGCGA-1,11.48868,4.7260365,L6 IT,0,2,Satellite.mm10.repeatmasker
CTACTTAGTTGCTTGA-1,6.6551533,10.796184,L6 IT,13,1,Satellite.mm10.repeatmasker
CTAGCGGGTAGAAAGG-1,8.464849,11.123642,L2/3 IT,8,0,Satellite.mm10.repeatmasker
CTAGGATGTATCTAGC-1,8.435653,8.918295,L2/3 IT,9,0,Satellite.mm10.repeatmasker
CTAGGATTCTCTGAGA-1,6.6194153,10.836738,L2/3 IT,13,1,Satellite.mm10.repeatmasker
CTAGGATTCTGTTTAC-1,9.674195,10.250805,L6 CT,11,0,Satellite.mm10.repeatmasker
CTAGGGCTCTTGTCGC-1,3.4653192,11.195805,L2/3 IT,4,1,Satellite.mm10.repeatmasker
CTCAACCGTTCCGCGA-1,3.6275706,11.717379,L6 IT,4,1,Satellite.mm10.repeatmasker
CTCAACCGTTGGACGA-1,5.9724026,10.034873,L2/3 IT,13,1,Satellite.mm10.repeatmasker
CTCAACCTCACCCGGA-1,9.545508,8.660414,L2/3 IT,10,0,Satellite.mm10.repeatmasker
CTCAACCTCGAGGTCC-1,4.262408,6.8214407,L2/3 IT,7,1,Satellite.mm10.repeatmasker
CTCAACCTCGATCGCG-1,8.230232,10.624564,L2/3 IT,8,0,Satellite.mm10.repeatmasker
CTCAACCTCTATAGGC-1,8.93238,6.8864646,L2/3 IT,0,2,Satellite.mm10.repeatmasker
CTCACCACACCGATCG-1,4.1250663,10.027684,L6 CT,4,1,Satellite.mm10.repeatmasker
CTCACCATCCTGAAAC-1,5.3600273,11.747491,L4,4,1,Satellite.mm10.repeatmasker
CTCAGAAAGTGAAGGA-1,12.660756,7.2603874,L6 CT,6,0,Satellite.mm10.repeatmasker
CTCAGAAGTTGGCTAT-1,7.3215504,5.662225,L2/3 IT,1,2,Satellite.mm10.repeatmasker
CTCAGCTAGTGTCACT-1,9.393737,12.198577,L5 IT,8,0,Satellite.mm10.repeatmasker
CTCATGCCACGACGAA-1,13.591539,8.793729,L6 IT,6,0,Satellite.mm10.repeatmasker
CTCATGCTCCATTGTT-1,8.064404,9.1828575,L2/3 IT,7,1,Satellite.mm10.repeatmasker
CTCCCAAAGGGCTCTC-1,5.789352,8.014957,L2/3 IT,3,3,Satellite.mm10.repeatmasker
CTCCCAAGTTCTGAGT-1,7.295559,10.901457,L4,13,0,Satellite.mm10.repeatmasker
CTCGCTACAGGAGCAT-1,13.305116,8.688618,L6 CT,6,0,Satellite.mm10.repeatmasker
CTCGCTATCACATTCT-1,9.936592,8.170348,Microglia,9,0,Satellite.mm10.repeatmasker
CTCTACGAGGAGAACA-1,7.614198,3.8671052,L4,4,2,Satellite.mm10.repeatmasker
CTCTACGAGGATCCTT-1,3.870078,10.971324,L2/3 IT,4,1,Satellite.mm10.repeatmasker
CTCTACGCAAGGAACC-1,6.8599377,3.6537962,L6 CT,1,2,Satellite.mm10.repeatmasker
CTCTACGTCGATCGCG-1,12.275622,11.061149,L6 CT,2,0,Satellite.mm10.repeatmasker
CTCTAGCAGGCTTAAA-1,11.688793,8.872875,L6 IT,12,0,Satellite.mm10.repeatmasker
CTCTAGCAGTATACCC-1,8.947541,10.344219,L6 CT,10,0,Satellite.mm10.repeatmasker
CTCTAGCGTGATAGAT-1,6.01778,8.250949,L2/3 IT,3,3,Satellite.mm10.repeatmasker
CTCTCGACAAGGCTTT-1,12.365486,11.598196,L5 IT,2,0,Satellite.mm10.repeatmasker
CTCTCGATCTGGCCAG-1,10.0172,8.151599,Microglia,9,0,Satellite.mm10.repeatmasker
CTGAATGGTATTGTGC-1,8.313316,4.2022676,L2/3 IT,1,2,Satellite.mm10.repeatmasker
CTGAATGGTCCGAGCT-1,9.99428,3.7162473,L2/3 IT,0,2,Satellite.mm10.repeatmasker
CTGCGTTAGTAATCAG-1,4.669262,10.413742,L4,4,1,Satellite.mm10.repeatmasker
CTGCGTTCAATGATGA-1,9.917413,9.839296,Astrocytes,11,0,Satellite.mm10.repeatmasker
CTGCGTTCAGCAACCC-1,12.197364,8.708105,L2/3 IT,12,0,Satellite.mm10.repeatmasker
CTGCGTTCAGCGCGTT-1,12.402494,7.934062,L4,6,0,Satellite.mm10.repeatmasker
CTGCGTTGTGACGCAA-1,9.556617,11.896422,L5 PT,8,0,Satellite.mm10.repeatmasker
CTGCTCAAGCACGTAG-1,9.300988,6.6201563,L2/3 IT,0,2,Satellite.mm10.repeatmasker
CTGCTCACAAGCTTTG-1,10.799555,4.9443293,L4,0,2,Satellite.mm10.repeatmasker
CTGCTCAGTAACCATC-1,6.760202,8.987424,L2/3 IT,15,1,Satellite.mm10.repeatmasker
CTGCTCAGTTCGGGAA-1,4.0088253,7.5268483,L5 IT,7,1,Satellite.mm10.repeatmasker
CTGGCAGAGGGTGTTG-1,12.425356,9.489398,L6 CT,2,0,Satellite.mm10.repeatmasker
CTGGCAGCAAGCCAGA-1,9.1767235,4.614442,L4,0,2,Satellite.mm10.repeatmasker
CTGTATTCACAGCTTA-1,9.317998,11.300255,L6 IT,6,0,Satellite.mm10.repeatmasker
CTGTATTGTATGTCCA-1,10.090508,9.308908,L4,11,0,Satellite.mm10.repeatmasker
CTGTATTTCTTCTTCC-1,9.810373,7.6043544,L6 CT,9,0,Satellite.mm10.repeatmasker
CTGTTCGTCCCTATTA-1,12.744256,10.169735,L2/3 IT,2,0,Satellite.mm10.repeatmasker
CTTAATCAGCGTTAGG-1,10.792049,12.099504,L6 IT,2,0,Satellite.mm10.repeatmasker
CTTAATCAGCTTACCA-1,7.571645,6.378083,L4,3,3,Satellite.mm10.repeatmasker
CTTCCAGCATCAGCTA-1,9.894607,8.013408,Astrocytes,9,0,Satellite.mm10.repeatmasker
CTTCCAGTCGATATGC-1,6.6931496,6.130967,L6 CT,1,2,Satellite.mm10.repeatmasker
CTTCTAAAGCAACTGG-1,4.248623,9.7649,L2/3 IT,4,1,Satellite.mm10.repeatmasker
CTTCTAAAGCGATACG-1,6.801208,8.896489,L2/3 IT,15,1,Satellite.mm10.repeatmasker
CTTCTAACACAAGGGT-1,2.8321176,9.670592,Microglia,5,1,Satellite.mm10.repeatmasker
CTTCTAACATCCCTCA-1,8.806728,7.5526233,L4,9,0,Satellite.mm10.repeatmasker
CTTCTAATCGAGTTAC-1,8.715377,9.94423,L6 CT,8,0,Satellite.mm10.repeatmasker
CTTCTAATCTATCTCA-1,9.795006,5.257103,L5 IT,0,2,Satellite.mm10.repeatmasker
CTTGAAGAGGTTCTCA-1,2.4430158,8.849735,Pvalb,5,1,Satellite.mm10.repeatmasker
CTTGAAGTCTTGGCCT-1,9.106623,6.3762975,L2/3 IT,0,2,Satellite.mm10.repeatmasker
CTTGCCAAGATTCCGT-1,7.945642,6.0759416,L2/3 IT,10,0,Satellite.mm10.repeatmasker
CTTGCCAGTAAGTCTC-1,11.767539,11.7171545,L2/3 IT,2,0,Satellite.mm10.repeatmasker
CTTGCCAGTTTGTACG-1,3.4489746,11.081543,Pvalb,4,1,Satellite.mm10.repeatmasker
CTTGCTGAGTAGTTCC-1,4.278177,7.848295,L2/3 IT,7,1,Satellite.mm10.repeatmasker
CTTGCTGGTACGGAGT-1,7.0072045,8.277133,L2/3 IT,3,3,Satellite.mm10.repeatmasker
CTTGTCGGTCAGCAAG-1,3.1054013,7.168672,Vip,6,0,Satellite.mm10.repeatmasker
CTTTGCGAGCTATCGT-1,11.395715,5.342481,L6 CT,0,2,Satellite.mm10.repeatmasker
CTTTGCGAGTCGCCTG-1,10.275974,6.6822143,L6 CT,6,0,Satellite.mm10.repeatmasker
CTTTGCGCAAGTCTCA-1,6.183443,7.7141147,L2/3 IT,3,3,Satellite.mm10.repeatmasker
CTTTGCGCACTTACAG-1,3.2992716,7.74397,L2/3 IT,5,1,Satellite.mm10.repeatmasker
GAAACAAAGTAACACA-1,10.569125,7.026609,16,0,2,Satellite.mm10.repeatmasker
GAAACAACACAGCTTA-1,12.306944,7.9104724,Microglia,6,0,Satellite.mm10.repeatmasker
GAAACAATCACTCGTC-1,13.294174,7.542333,No Annotation,6,0,Satellite.mm10.repeatmasker
GAAACAATCCGCCTAT-1,2.7388024,8.682323,Pvalb,5,1,Satellite.mm10.repeatmasker
GAAACAATCGAGGTCC-1,6.9323826,11.24001,L5 IT,13,1,Satellite.mm10.repeatmasker
GAAACAATCGCAAACT-1,9.013312,6.531266,L2/3 IT,0,2,Satellite.mm10.repeatmasker
GAAAGTAAGACCAATA-1,9.386934,6.2118764,L6 IT,11,0,Satellite.mm10.repeatmasker
GAAAGTATCACAAGCT-1,9.907305,10.399545,Microglia,12,0,Satellite.mm10.repeatmasker
GAAATGACAACTCCCT-1,9.616259,5.990902,L2/3 IT,0,0,Satellite.mm10.repeatmasker
GAAATGACACAAACAA-1,11.332974,10.743576,L2/3 IT,2,0,Satellite.mm10.repeatmasker
GAAATGAGTATTTGCG-1,8.955356,7.3247976,L2/3 IT,15,2,Satellite.mm10.repeatmasker
GAAATGATCTCGACCT-1,2.5096438,7.3380866,L6 IT,5,1,Satellite.mm10.repeatmasker
GAACCGCCAAGACACG-1,9.329519,4.3158545,L2/3 IT,0,2,Satellite.mm10.repeatmasker
GAACCGCGTCAACTAC-1,9.2259035,6.4945874,L6 IT,0,2,Satellite.mm10.repeatmasker
GAACCGCTCCTCTCTT-1,12.068529,9.461942,Pvalb,12,0,Satellite.mm10.repeatmasker
GAACCTATCCGGGCAT-1,9.780958,8.207799,Microglia,9,0,Satellite.mm10.repeatmasker
GAACGTTAGATGAGGA-1,4.4506106,10.519493,L2/3 IT,4,1,Satellite.mm10.repeatmasker
GAACGTTGTAGCATGG-1,5.1611724,8.412296,L2/3 IT,5,1,Satellite.mm10.repeatmasker
GAACGTTGTTTGGATC-1,3.900325,9.617547,L6 IT,14,1,Satellite.mm10.repeatmasker
GAACGTTTCAGAACGG-1,13.606338,8.807379,L2/3 IT,6,0,Satellite.mm10.repeatmasker
GAAGAGCCATGGCCTG-1,10.766777,10.321891,L2/3 IT,2,0,Satellite.mm10.repeatmasker
GAAGAGCGTACCGGCT-1,9.636079,5.079465,L2/3 IT,0,2,Satellite.mm10.repeatmasker
GAAGTCTAGGCTTAAA-1,5.0617394,8.926705,L5 PT,6,1,Satellite.mm10.repeatmasker
GAAGTCTTCCCGCAAG-1,6.187145,3.6295598,Vip,1,2,Satellite.mm10.repeatmasker
GAATCTGAGAATCAGT-1,6.275795,10.143425,L5 PT,14,1,Satellite.mm10.repeatmasker
GAATCTGCATTCACCC-1,13.601477,8.889954,L6 CT,6,0,Satellite.mm10.repeatmasker
GAATCTGGTGTCGTCG-1,7.8976088,3.4817693,L5 PT,1,2,Satellite.mm10.repeatmasker
GACCCAGAGAGCTCCC-1,7.109419,3.671111,16,1,2,Satellite.mm10.repeatmasker
GACCCAGCACCATTCC-1,10.73062,5.117869,L6 IT,0,2,Satellite.mm10.repeatmasker
GACCCAGTCGTGGCGT-1,10.610015,9.68071,6,11,0,Satellite.mm10.repeatmasker
GACCGACAGGCGACTA-1,9.844295,9.976476,L6 IT,11,0,Satellite.mm10.repeatmasker
GACCGACTCGCTTCAC-1,4.294096,6.8130083,L6 IT,7,1,Satellite.mm10.repeatmasker
GACCTTCAGCGTCTGC-1,8.257168,7.009165,L4,4,1,Satellite.mm10.repeatmasker
GACCTTCCAAACGACG-1,7.1419387,6.763347,L2/3 IT,3,3,Satellite.mm10.repeatmasker
GACCTTCCACCGAAAG-1,11.2320175,5.2171345,L2/3 IT,0,2,Satellite.mm10.repeatmasker
GACCTTCGTAACGTAA-1,6.4723682,11.472188,L6 IT,13,1,Satellite.mm10.repeatmasker
GACCTTCGTGCAGACA-1,11.604831,5.240605,L6 CT,0,2,Satellite.mm10.repeatmasker
GACCTTCGTTCTACCC-1,8.449936,5.504989,L2/3 IT,1,2,Satellite.mm10.repeatmasker
GACCTTCTCGAGGTCC-1,2.790493,7.6713533,L6 IT,5,1,Satellite.mm10.repeatmasker
GACTAACCACCTCGTT-1,2.7624571,8.192142,L5 PT,5,1,Satellite.mm10.repeatmasker
GACTAACGTACCTATG-1,5.7422853,7.648457,Vip,3,3,Satellite.mm10.repeatmasker
GACTAGTAGTTGAATG-1,5.5320587,10.415701,L2/3 IT,4,1,Satellite.mm10.repeatmasker
GAGAACGCAGATGGCA-1,4.806687,7.592191,L6 IT,7,1,Satellite.mm10.repeatmasker
GAGACTTCATGGCCGT-1,12.792631,8.110988,L6 CT,6,0,Satellite.mm10.repeatmasker
GAGACTTTCAGTACAC-1,10.808885,5.2443256,L2/3 IT,0,2,Satellite.mm10.repeatmasker
GAGATTCAGCTAGTTC-1,8.608695,7.602916,L2/3 IT,9,0,Satellite.mm10.repeatmasker
GAGCATTAGACGAAAG-1,4.3436584,10.534151,L2/3 IT,4,1,Satellite.mm10.repeatmasker
GAGCATTAGTTAGCGG-1,6.970478,11.067452,L6 CT,13,0,Satellite.mm10.repeatmasker
GAGCATTGTTTGAAGA-1,4.351351,7.3980794,L2/3 IT,7,1,Satellite.mm10.repeatmasker
GAGCATTTCGTGTGCG-1,5.924158,7.3867316,L4,3,3,Satellite.mm10.repeatmasker
GAGCGCTAGGGTCCCT-1,9.223894,9.391967,L6 CT,12,0,Satellite.mm10.repeatmasker
GAGCGCTAGTCGACCC-1,11.769118,10.491434,L6 IT,2,0,Satellite.mm10.repeatmasker
GAGCGCTGTTCAGAAA-1,9.895253,6.839843,6,0,2,Satellite.mm10.repeatmasker
GAGCGCTTCGACTTAG-1,10.147902,10.058071,16,11,0,Satellite.mm10.repeatmasker
GAGGATGAGCTATCGT-1,8.367148,5.347188,L4,1,2,Satellite.mm10.repeatmasker
GAGGATGCATCCATAG-1,11.165652,12.1720085,16,2,0,Satellite.mm10.repeatmasker
GAGGATGTCCTGTGGG-1,8.870283,12.011929,L2/3 IT,8,0,Satellite.mm10.repeatmasker
GAGGCTCCACATATCG-1,4.500904,5.9954987,L6 IT,7,1,Satellite.mm10.repeatmasker
GAGGCTCGTAAGGTCG-1,5.495414,8.220007,L2/3 IT,3,3,Satellite.mm10.repeatmasker
GAGGTCCAGAGGAAGT-1,7.610463,10.372209,L2/3 IT,14,0,Satellite.mm10.repeatmasker
GAGGTCCAGGTTGTGG-1,6.385025,3.9924033,L6 IT,1,2,Satellite.mm10.repeatmasker
GAGGTCCCAAAGCTTC-1,5.784821,6.9488583,L6 IT,3,3,Satellite.mm10.repeatmasker
GAGGTCCCAGCGTACC-1,7.2166004,10.300862,L2/3 IT,13,0,Satellite.mm10.repeatmasker
GAGGTCCGTCGCTAGC-1,8.835888,6.676992,L2/3 IT,0,2,Satellite.mm10.repeatmasker
GAGGTCCGTTTGCATG-1,7.977283,9.093592,L2/3 IT,8,0,Satellite.mm10.repeatmasker
GAGGTCCTCACACGTA-1,12.379787,11.021976,L2/3 IT,2,0,Satellite.mm10.repeatmasker
GAGGTCCTCACAGGGA-1,7.977372,9.34979,L4,13,0,Satellite.mm10.repeatmasker
GAGGTCCTCGTTCAGA-1,10.326968,10.334283,L2/3 IT,2,0,Satellite.mm10.repeatmasker
GAGTGAGAGGTAGGAA-1,10.211941,5.790962,L2/3 IT,0,2,Satellite.mm10.repeatmasker
GAGTGAGCAAGACTAA-1,2.6592166,7.7209697,Pvalb,5,1,Satellite.mm10.repeatmasker
GATCATGGTGGAAGCT-1,9.988084,9.695773,L2/3 IT,2,0,Satellite.mm10.repeatmasker
GATCATGGTTAACTCG-1,10.56159,10.160644,L2/3 IT,2,0,Satellite.mm10.repeatmasker
GATCATGTCCCTACCA-1,5.4809403,11.610302,L4,4,1,Satellite.mm10.repeatmasker
GATCGTAGTTCGGGAA-1,10.847211,5.5651493,L4,0,2,Satellite.mm10.repeatmasker
GATCGTAGTTCTTTGT-1,10.098642,4.4397616,L6 IT,0,2,Satellite.mm10.repeatmasker
GATGATCCACTCGCAG-1,10.942237,7.7361913,L2/3 IT,10,0,Satellite.mm10.repeatmasker
GATGATCGTTGCAGAG-1,5.7071347,4.636012,L2/3 IT,1,2,Satellite.mm10.repeatmasker
GATGATCTCTTAAGCG-1,6.6299524,8.1655245,L4,3,3,Satellite.mm10.repeatmasker
GATGGCCAGGGAAATG-1,11.325206,4.638705,L6 CT,0,2,Satellite.mm10.repeatmasker
GATGGCCGTGATAGAT-1,12.148337,11.13241,L4,2,0,Satellite.mm10.repeatmasker
GATTAGCGTATCCTTT-1,7.8021984,4.2564063,L6 CT,1,2,Satellite.mm10.repeatmasker
GATTGACCAAGGGAGG-1,10.368092,6.9483047,L4,10,0,Satellite.mm10.repeatmasker
GATTGACTCCCGTATC-1,10.140119,4.923078,L6 CT,0,2,Satellite.mm10.repeatmasker
GCAAAGGTCGGTTGTA-1,8.462213,8.164699,L2/3 IT,9,0,Satellite.mm10.repeatmasker
GCAACCGCATGGCCCA-1,9.792322,10.838164,Astrocytes,12,0,Satellite.mm10.repeatmasker
GCAACCGTCACGATTG-1,9.199469,5.8658657,L6 CT,0,2,Satellite.mm10.repeatmasker
GCACGCAAGAGCGAAA-1,9.017472,8.196735,L4,9,0,Satellite.mm10.repeatmasker
GCACGCACACCCTTAC-1,5.268783,11.612018,16,4,1,Satellite.mm10.repeatmasker
GCACGCATCTAGCAGT-1,6.423127,5.2369757,L5 IT,1,2,Satellite.mm10.repeatmasker
GCACGGTAGCAGAAAG-1,11.801771,9.06208,L6 IT,12,0,Satellite.mm10.repeatmasker
GCACGGTAGGAAGAAC-1,11.099437,11.0055275,L2/3 IT,2,0,Satellite.mm10.repeatmasker
GCACGGTAGTAACTCC-1,5.5420866,7.714926,L2/3 IT,3,3,Satellite.mm10.repeatmasker
GCACGGTAGTTACACC-1,7.4243307,7.247304,L5 IT,3,3,Satellite.mm10.repeatmasker
GCACGGTGTAAGCCTT-1,7.6722555,10.1079645,L4,8,0,Satellite.mm10.repeatmasker
GCACGGTTCACTACCC-1,3.941789,8.317694,Sst,5,1,Satellite.mm10.repeatmasker
GCACGGTTCAGTTGAC-1,7.9709415,10.009705,L6 IT,13,0,Satellite.mm10.repeatmasker
GCAGATTAGATTCCGT-1,3.980087,9.366309,L6 IT,14,1,Satellite.mm10.repeatmasker
GCAGATTAGGCTTAAA-1,4.599658,9.687229,L2/3 IT,14,1,Satellite.mm10.repeatmasker
GCAGATTGTTTGACCA-1,11.230588,8.012701,L2/3 IT,10,0,Satellite.mm10.repeatmasker
GCAGCCAAGAAGAGTG-1,11.250209,10.817931,L2/3 IT,2,0,Satellite.mm10.repeatmasker
GCAGCCATCCAGCACG-1,6.5886374,10.197091,L2/3 IT,5,1,Satellite.mm10.repeatmasker
GCAGCTGGTTCTGAAC-1,5.906977,10.432338,L2/3 IT,4,1,Satellite.mm10.repeatmasker
GCAGCTGTCCATCATT-1,9.8216305,9.249724,L6 IT,10,0,Satellite.mm10.repeatmasker
GCATGATGTTATGCAC-1,5.4744806,10.216793,L2/3 IT,4,1,Satellite.mm10.repeatmasker
GCATGATTCCGAATTG-1,11.693116,6.263593,Microglia,0,2,Satellite.mm10.repeatmasker
GCATTCCTCTGCGTCT-1,11.657188,8.111985,6,10,0,Satellite.mm10.repeatmasker
GCATTGACAAGCGAAC-1,6.0770745,7.9414973,L6 CT,3,3,Satellite.mm10.repeatmasker
GCCAGACAGGTTCGTT-1,4.9701533,8.804353,L2/3 IT,13,1,Satellite.mm10.repeatmasker
GCCAGCACAAACCTAC-1,9.134831,9.684113,L2/3 IT,9,0,Satellite.mm10.repeatmasker
GCCAGCACAACTCAAC-1,8.381359,10.573512,Astrocytes,8,0,Satellite.mm10.repeatmasker
GCCAGCATCTCGACAA-1,11.184773,11.587994,L6 CT,2,0,Satellite.mm10.repeatmasker
GCCATAAAGCTACGCC-1,6.895159,4.954869,L2/3 IT,1,2,Satellite.mm10.repeatmasker
GCCATAACAAGCTTTG-1,10.133272,11.985953,L6 IT,8,0,Satellite.mm10.repeatmasker
GCCATAACAGAAAGAG-1,7.2712035,9.674831,L4,13,0,Satellite.mm10.repeatmasker
GCCATAAGTTCAGTAC-1,2.2998078,8.4682455,Vip,5,1,Satellite.mm10.repeatmasker
GCCATAATCAGTAGTC-1,9.520712,7.9234776,No Annotation,9,0,Satellite.mm10.repeatmasker
GCCCAGAAGAAATCTG-1,7.4893665,9.406138,L6 IT,7,1,Satellite.mm10.repeatmasker
GCCCAGAAGCTGATTC-1,4.14206,10.576489,L2/3 IT,4,1,Satellite.mm10.repeatmasker
GCCCAGAAGTCATCTG-1,6.8854218,6.1061034,Pvalb,3,3,Satellite.mm10.repeatmasker
GCCCAGATCAGCCGGT-1,5.5383606,7.7145014,L2/3 IT,3,3,Satellite.mm10.repeatmasker
GCCCAGATCGTGGTAT-1,9.661737,3.8259983,L5 PT,0,2,Satellite.mm10.repeatmasker
GCCTACTCACAAACGG-1,8.448842,10.185916,L2/3 IT,8,0,Satellite.mm10.repeatmasker
GCCTACTGTTACTACG-1,7.670504,7.8511577,L6 IT,9,0,Satellite.mm10.repeatmasker
GCCTAGGCAAGTCCTA-1,8.573311,11.925828,L6 IT,8,0,Satellite.mm10.repeatmasker
GCCTAGGCATCATAGC-1,7.0094194,8.79124,L6 IT,15,1,Satellite.mm10.repeatmasker
GCCTAGGGTATTGTGC-1,10.718552,5.4552727,L2/3 IT,0,2,Satellite.mm10.repeatmasker
GCGAGAAAGAGGCAGG-1,6.1474833,6.612309,L2/3 IT,3,3,Satellite.mm10.repeatmasker
GCGAGTCAGCGCAATG-1,6.016423,3.9232914,L4,1,2,Satellite.mm10.repeatmasker
GCGAGTCGTCGCGCTA-1,9.4539995,8.102204,L5 PT,9,0,Satellite.mm10.repeatmasker
GCGAGTCTCCGCGATG-1,7.218227,5.339385,L2/3 IT,1,1,Satellite.mm10.repeatmasker
GCGATCGCAACGTACT-1,11.008045,7.159093,Astrocytes,10,0,Satellite.mm10.repeatmasker
GCGATCGGTCGCTACG-1,12.320151,8.124207,Microglia,10,0,Satellite.mm10.repeatmasker
GCGATCGTCATTCTTG-1,7.5941544,4.3811655,L5 PT,1,2,Satellite.mm10.repeatmasker
GCGATCGTCGCAGATT-1,8.521055,11.22898,L6 CT,6,0,Satellite.mm10.repeatmasker
GCGCATGAGAAGCCTG-1,9.173954,12.309875,L2/3 IT,8,0,Satellite.mm10.repeatmasker
GCGCATGAGGTCTTGT-1,10.844628,12.011689,L2/3 IT,2,0,Satellite.mm10.repeatmasker
GCGCATGGTTTAAGGA-1,9.624063,12.034943,6,8,0,Satellite.mm10.repeatmasker
GCGCATGTCGGGAAAC-1,7.554782,3.2803018,Vip,1,2,Satellite.mm10.repeatmasker
GCGCATGTCTGATCCC-1,4.3095937,5.84592,L2/3 IT,7,1,Satellite.mm10.repeatmasker
GCGCCAAAGGAGTACC-1,9.7782,5.5638485,L6 CT,0,2,Satellite.mm10.repeatmasker
GCGCCAAAGTCGCGTC-1,11.966158,8.868407,L2/3 IT,12,0,Satellite.mm10.repeatmasker
GCGGAAACATAGCCGC-1,11.708223,9.643804,L2/3 IT,12,0,Satellite.mm10.repeatmasker
GCGGAAAGTGTCGTGC-1,5.092502,8.634121,L4,5,1,Satellite.mm10.repeatmasker
GCGGGTTAGCAATAAC-1,10.288514,11.9660225,L4,2,0,Satellite.mm10.repeatmasker
GCGTAGCAGTGTAATG-1,12.638318,8.533934,L6 IT,6,0,Satellite.mm10.repeatmasker
GCGTTGGCAACCTCCT-1,7.6052127,5.841749,L2/3 IT,3,3,Satellite.mm10.repeatmasker
GCGTTGGCAACGTACT-1,10.533947,11.393607,L5 IT,2,0,Satellite.mm10.repeatmasker
GCGTTGGTCGGTTAGT-1,4.6576643,6.765818,L2/3 IT,7,1,Satellite.mm10.repeatmasker
GCTCACTAGTGGGACT-1,2.4847975,7.9145966,Pvalb,5,1,Satellite.mm10.repeatmasker
GCTCACTCAAGCGGTA-1,11.071446,12.351695,L4,2,0,Satellite.mm10.repeatmasker
GCTCACTGTACGGAGT-1,9.42788,8.4152155,L6 IT,9,0,Satellite.mm10.repeatmasker
GCTCAGGAGCTCCATA-1,11.457089,10.462572,L6 CT,2,0,Satellite.mm10.repeatmasker
GCTCAGGCATCGCTAA-1,6.104389,7.300921,L4,3,3,Satellite.mm10.repeatmasker
GCTCAGGGTCCTTATT-1,10.56187,6.3169775,L2/3 IT,2,0,Satellite.mm10.repeatmasker
GCTCCTAGTGAAACAT-1,6.7515616,7.6676874,L2/3 IT,3,3,Satellite.mm10.repeatmasker
GCTGAGCAGTCCGGAA-1,9.801451,4.0230055,L2/3 IT,0,2,Satellite.mm10.repeatmasker
GCTGAGCGTATGTCCA-1,3.538701,8.12945,L6 IT,5,1,Satellite.mm10.repeatmasker
GCTGTTCAGGTTCGAG-1,6.088142,10.003295,L4,14,1,Satellite.mm10.repeatmasker
GCTGTTCTCCCGCAAG-1,9.589142,6.7770844,Microglia,0,2,Satellite.mm10.repeatmasker
GCTGTTCTCTGATCTT-1,13.137718,9.677244,L6 CT,6,0,Satellite.mm10.repeatmasker
GCTTAAGCACTCGGAC-1,10.406728,9.831743,L6 CT,11,0,Satellite.mm10.repeatmasker
GCTTAAGTCCAACAAC-1,12.842567,7.9534235,L6 IT,6,0,Satellite.mm10.repeatmasker
GCTTAAGTCCATCATT-1,11.899877,10.623057,L2/3 IT,2,0,Satellite.mm10.repeatmasker
GCTTGCTGTTTCTCTA-1,7.6130586,9.689975,L6 IT,8,0,Satellite.mm10.repeatmasker
GCTTTCGGTGAAACAT-1,11.9853,8.635202,L2/3 IT,12,0,Satellite.mm10.repeatmasker
GCTTTCGGTGATGCTT-1,8.638397,10.910303,L2/3 IT,8,0,Satellite.mm10.repeatmasker
GGAACCCCATCAGAAA-1,2.5168095,7.635341,L6 CT,5,1,Satellite.mm10.repeatmasker
GGAACCCGTTCCAATG-1,5.6917844,10.903658,L2/3 IT,13,1,Satellite.mm10.repeatmasker
GGAACCCTCAGTACAC-1,6.766872,4.0666504,L6 IT,1,2,Satellite.mm10.repeatmasker
GGAACCCTCCGTTAGA-1,8.339183,4.4147015,L6 IT,1,2,Satellite.mm10.repeatmasker
GGAACTTAGCAACGGT-1,8.32541,8.796191,L2/3 IT,15,0,Satellite.mm10.repeatmasker
GGAACTTCATGTGAGG-1,8.701894,9.134345,L2/3 IT,15,0,Satellite.mm10.repeatmasker
GGAATCTAGTTACACC-1,10.362233,9.528221,Microglia,12,0,Satellite.mm10.repeatmasker
GGAATCTCAAAGAGAG-1,8.917463,9.388907,L4,15,0,Satellite.mm10.repeatmasker
GGAATCTGTGGTACTT-1,3.4121625,11.774911,L2/3 IT,4,1,Satellite.mm10.repeatmasker
GGAATCTGTTCTTAGG-1,5.889972,3.6939762,L6 CT,1,2,Satellite.mm10.repeatmasker
GGAATCTGTTTGCCAA-1,10.845429,10.592377,L2/3 IT,2,0,Satellite.mm10.repeatmasker
GGACACCCAGGTGTCC-1,2.406194,8.285649,L6 CT,5,1,Satellite.mm10.repeatmasker
GGACACCCATCGGCTG-1,11.347835,10.97719,L4,2,0,Satellite.mm10.repeatmasker
GGACACCGTATATGGA-1,11.872565,8.224702,L6 IT,6,0,Satellite.mm10.repeatmasker
GGAGAACAGATGGCAC-1,7.907821,10.412185,L2/3 IT,8,0,Satellite.mm10.repeatmasker
GGAGAACGTCAGAAGC-1,2.7656596,8.425866,Vip,5,1,Satellite.mm10.repeatmasker
GGAGGATAGGACTTTC-1,10.756755,9.412654,L6 IT,11,0,Satellite.mm10.repeatmasker
GGATAGGGTCATGAGG-1,3.555771,11.793234,L5 PT,4,1,Satellite.mm10.repeatmasker
GGATGAGAGATGAGGA-1,11.080819,5.8720474,L6 IT,0,2,Satellite.mm10.repeatmasker
GGATGAGCACTGTCGG-1,11.807646,10.701584,L2/3 IT,2,0,Satellite.mm10.repeatmasker
GGCACGTAGAATCAGT-1,4.920087,11.655589,Pvalb,4,1,Satellite.mm10.repeatmasker
GGCACGTGTATCATGC-1,3.793553,9.039348,L5 IT,14,1,Satellite.mm10.repeatmasker
GGCACGTGTTTAGGAA-1,7.20122,5.2028,L4,1,2,Satellite.mm10.repeatmasker
GGCATTAAGACCCATT-1,9.452775,4.4284024,L6 CT,0,2,Satellite.mm10.repeatmasker
GGCGTTGGTGAATACA-1,6.3521075,3.936091,L2/3 IT,1,2,Satellite.mm10.repeatmasker
GGCGTTGTCGCTCGGA-1,4.210271,8.028528,L4,7,1,Satellite.mm10.repeatmasker
GGCGTTGTCTTAATCC-1,7.9418364,4.5436277,L2/3 IT,1,2,Satellite.mm10.repeatmasker
GGGAACACACTGCTTC-1,2.1986701,8.324705,Pvalb,5,1,Satellite.mm10.repeatmasker
GGGAACATCCTCAAGA-1,12.586555,10.621656,Astrocytes,2,0,Satellite.mm10.repeatmasker
GGGACCTCAGCGTAGA-1,4.2631216,11.079413,L2/3 IT,4,1,Satellite.mm10.repeatmasker
GGGACCTGTATATGGA-1,9.356084,11.07454,L6 CT,8,0,Satellite.mm10.repeatmasker
GGGCCATAGAGTGGAA-1,2.975046,6.834065,L5 PT,7,1,Satellite.mm10.repeatmasker
GGGCCATAGGCCAGTA-1,12.111362,9.703472,L5 PT,2,0,Satellite.mm10.repeatmasker
GGGCCATAGGTCACTT-1,4.2642436,7.754175,L6 IT,7,1,Satellite.mm10.repeatmasker
GGGCCATCAACGGACA-1,6.4410343,10.88275,Sst,13,1,Satellite.mm10.repeatmasker
GGGCCATGTAGTGATA-1,8.531911,9.289167,L2/3 IT,15,1,Satellite.mm10.repeatmasker
GGGCCATTCACGATTG-1,8.953826,11.786807,L4,8,0,Satellite.mm10.repeatmasker
GGGTCTGCACCTGGTG-1,8.468463,6.907942,L6 IT,0,2,Satellite.mm10.repeatmasker
GGGTCTGTCGTTCCGT-1,9.13511,7.9076457,L6 IT,9,0,Satellite.mm10.repeatmasker
GGGTGTCAGGTTCTCA-1,5.8196964,3.6598659,L6 CT,1,2,Satellite.mm10.repeatmasker
GGGTGTCCATTACCTT-1,12.152068,9.255348,Microglia,2,0,Satellite.mm10.repeatmasker
GGGTGTCGTAAGTGCG-1,3.8375387,11.379381,L5 PT,4,1,Satellite.mm10.repeatmasker
GGGTGTCGTGTCCCAG-1,6.675722,9.172606,L5 IT,15,1,Satellite.mm10.repeatmasker
GGGTGTCTCCGGGCAT-1,8.57407,8.575437,NP,15,0,Satellite.mm10.repeatmasker
GGGTGTCTCGTCAACA-1,7.2408757,10.072202,Endo,13,3,Satellite.mm10.repeatmasker
GGGTGTCTCTGTTTAC-1,11.920818,8.595189,L2/3 IT,12,0,Satellite.mm10.repeatmasker
GGGTTATAGATTACGA-1,6.8564506,6.6240335,L2/3 IT,3,3,Satellite.mm10.repeatmasker
GGGTTATGTCATAAGA-1,9.329415,9.765593,L2/3 IT,2,0,Satellite.mm10.repeatmasker
GGGTTATGTTCTTAGG-1,9.687811,4.0788565,L6 CT,0,2,Satellite.mm10.repeatmasker
GGGTTATTCAGAACGG-1,10.8526325,10.883698,L2/3 IT,2,0,Satellite.mm10.repeatmasker
GGTAGGAAGAAGGGCG-1,9.842654,6.3244195,L2/3 IT,0,2,Satellite.mm10.repeatmasker
GGTAGGAGTAACCCAT-1,5.9370527,8.257071,L2/3 IT,3,3,Satellite.mm10.repeatmasker
GGTAGGATCGCAAACT-1,2.9742186,9.238901,L6 CT,5,1,Satellite.mm10.repeatmasker
GGTAGGATCGCTTCAC-1,2.541802,9.249295,Pvalb,5,1,Satellite.mm10.repeatmasker
GGTCATAAGTCATACC-1,11.760954,9.976328,L2/3 IT,7,1,Satellite.mm10.repeatmasker
GGTCATACACTGATTG-1,6.1331515,4.638867,L6 CT,1,2,Satellite.mm10.repeatmasker
GGTCATATCCTTTGCG-1,10.9141445,11.343451,L5 IT,2,0,Satellite.mm10.repeatmasker
GGTGAAGCAACACGGA-1,10.122325,8.074357,Astrocytes,9,0,Satellite.mm10.repeatmasker
GGTGAAGCAGATTAAG-1,7.659027,6.536397,L2/3 IT,10,0,Satellite.mm10.repeatmasker
GGTGAAGGTCAGGCTC-1,6.941468,6.74418,L2/3 IT,3,3,Satellite.mm10.repeatmasker
GGTGCTGGTATCATGC-1,13.318739,8.601732,16,6,0,Satellite.mm10.repeatmasker
GGTGTCGAGAGTAAGG-1,11.60916,7.61418,L6 IT,10,0,Satellite.mm10.repeatmasker
GGTGTCGGTATCTCAG-1,13.101059,7.71814,L2/3 IT,6,0,Satellite.mm10.repeatmasker
GGTGTCGTCAAGGCCC-1,6.2336826,7.048125,L4,3,3,Satellite.mm10.repeatmasker
GGTGTCGTCGTTCTAT-1,9.932351,9.398719,L2/3 IT,11,0,Satellite.mm10.repeatmasker
GGTTGCGAGCCGCAAA-1,10.452681,5.7911344,L2/3 IT,0,2,Satellite.mm10.repeatmasker
GGTTGCGAGCTGAAAT-1,11.660207,8.106178,Mature Oligo,10,0,Satellite.mm10.repeatmasker
GGTTGCGTCCCAGTAA-1,8.363749,10.533112,L4,8,0,Satellite.mm10.repeatmasker
GGTTGCGTCTATTTCG-1,7.71898,3.0415442,L6 IT,1,2,Satellite.mm10.repeatmasker
GTAATCGCAATCACTG-1,4.666707,8.526532,Vip,14,1,Satellite.mm10.repeatmasker
GTAATCGTCATACTTC-1,9.486795,10.222708,L6 CT,11,0,Satellite.mm10.repeatmasker
GTAATCGTCTACTTTG-1,10.827739,9.51531,L2/3 IT,11,0,Satellite.mm10.repeatmasker
GTACTTTCAGCTTACA-1,6.2622023,5.427867,L4,7,1,Satellite.mm10.repeatmasker
GTACTTTGTCTGTGTA-1,9.472367,10.297449,L6 CT,11,0,Satellite.mm10.repeatmasker
GTACTTTTCCATGTTT-1,10.953306,10.975278,L2/3 IT,2,0,Satellite.mm10.repeatmasker
GTAGACTAGTCTTAGC-1,8.022201,4.6183743,L4,1,2,Satellite.mm10.repeatmasker
GTAGACTGTTGAAGCG-1,3.470486,8.654478,L6 IT,5,1,Satellite.mm10.repeatmasker
GTAGACTTCTCCCTTT-1,6.40567,6.305959,Pvalb,3,3,Satellite.mm10.repeatmasker
GTAGGAGCAGTCAGCC-1,8.213483,11.644176,L6 IT,11,0,Satellite.mm10.repeatmasker
GTAGGAGCATTGTTCT-1,9.925936,6.8415093,L6 CT,6,0,Satellite.mm10.repeatmasker
GTAGGAGGTCTGGTCG-1,4.229685,9.123343,16,14,1,Satellite.mm10.repeatmasker
GTAGGAGTCGAGTTAC-1,4.242379,6.359381,L2/3 IT,7,1,Satellite.mm10.repeatmasker
GTAGGAGTCTGACATG-1,8.782957,5.383713,L6 CT,15,0,Satellite.mm10.repeatmasker
GTAGTACCAGGATGTG-1,8.031554,9.004827,L4,15,0,Satellite.mm10.repeatmasker
GTAGTACCATCGACGC-1,11.909293,10.017413,L6 IT,2,0,Satellite.mm10.repeatmasker
GTAGTACGTTAAGGGC-1,4.7851634,9.14435,L2/3 IT,14,1,Satellite.mm10.repeatmasker
GTAGTACTCAGAGTGG-1,6.661648,10.304132,L4,14,1,Satellite.mm10.repeatmasker
GTCACAAGTGTGCTTA-1,6.5703974,10.714065,L2/3 IT,13,1,Satellite.mm10.repeatmasker
GTCACCTAGTGAATAC-1,9.34263,6.365891,L6 IT,0,2,Satellite.mm10.repeatmasker
GTCACCTCAGCGTCGT-1,7.326995,7.428288,L2/3 IT,3,3,Satellite.mm10.repeatmasker
GTCACCTGTAAAGCTA-1,10.162212,10.488421,L6 CT,11,0,Satellite.mm10.repeatmasker
GTCACCTGTTATGCAC-1,6.1002746,8.299821,L5 PT,3,3,Satellite.mm10.repeatmasker
GTCACCTTCAAGAGAT-1,8.771013,12.717696,L2/3 IT,8,0,Satellite.mm10.repeatmasker
GTCACCTTCGATGTAC-1,10.902344,5.1124506,L2/3 IT,0,2,Satellite.mm10.repeatmasker
GTCACCTTCTGATCCC-1,5.338599,5.1256685,L2/3 IT,1,2,Satellite.mm10.repeatmasker
GTCACGGCATACAACC-1,6.7883215,11.0040655,L2/3 IT,13,1,Satellite.mm10.repeatmasker
GTCACGGGTTTCAGCA-1,11.931137,10.121796,L4,2,0,Satellite.mm10.repeatmasker
GTCACGGTCGCTCGGA-1,3.0370388,8.41647,Pvalb,5,1,Satellite.mm10.repeatmasker
GTCACTCAGATCGCCC-1,12.758978,10.798823,L5 PT,2,0,Satellite.mm10.repeatmasker
GTCCATCAGCGCCTAC-1,9.929863,8.219578,Microglia,9,0,Satellite.mm10.repeatmasker
GTCCATCAGGAGTACC-1,9.258844,11.459627,L6 CT,8,0,Satellite.mm10.repeatmasker
GTCGTAAGTTTGGATC-1,9.645457,10.60649,L4,11,0,Satellite.mm10.repeatmasker
GTCGTAATCCAGAATC-1,10.978362,11.530357,6,2,0,Satellite.mm10.repeatmasker
GTCTACCCACATTGCA-1,10.60855,9.470061,L2/3 IT,11,0,Satellite.mm10.repeatmasker
GTCTACCGTTTCACCC-1,10.796764,6.0806136,L6 IT,0,2,Satellite.mm10.repeatmasker
GTCTACCTCATGAACC-1,10.978137,8.301016,16,10,0,Satellite.mm10.repeatmasker
GTGCACGCAGGCAGAT-1,12.439467,10.533911,L5 PT,2,0,Satellite.mm10.repeatmasker
GTGCACGGTATCCCTC-1,9.979289,5.6012797,L2/3 IT,0,2,Satellite.mm10.repeatmasker
GTGCCAGAGGGTCTGA-1,11.50546,10.194558,L6 IT,12,0,Satellite.mm10.repeatmasker
GTGCCAGCAGGGTAAC-1,9.528075,5.7959375,L2/3 IT,0,2,Satellite.mm10.repeatmasker
GTGCCAGTCTTATCAC-1,5.658974,5.0116787,L2/3 IT,1,2,Satellite.mm10.repeatmasker
GTGCTGGAGGTCTTGT-1,8.315031,9.7444,L5 IT,8,0,Satellite.mm10.repeatmasker
GTGGATTCATGACTGT-1,8.098198,10.646829,L6 IT,8,0,Satellite.mm10.repeatmasker
GTGGATTGTTACTACG-1,11.863137,9.303048,L2/3 IT,12,0,Satellite.mm10.repeatmasker
GTGGCGTAGTTCGCGC-1,6.2133436,8.389907,L2/3 IT,3,3,Satellite.mm10.repeatmasker
GTGGCGTGTGCGACCT-1,11.739798,7.510845,L2/3 IT,10,0,Satellite.mm10.repeatmasker
GTGGCGTTCCTAGAGT-1,2.704813,9.531727,Pvalb,5,1,Satellite.mm10.repeatmasker
GTGGCGTTCGTGCTTC-1,2.8312774,8.236306,Pvalb,5,1,Satellite.mm10.repeatmasker
GTGTCAAAGGCCTCTG-1,9.008557,11.007844,L2/3 IT,8,0,Satellite.mm10.repeatmasker
GTGTCAACACTGATTG-1,6.5344973,5.733562,L6 IT,1,2,Satellite.mm10.repeatmasker
GTGTCAACATGTGGGA-1,6.774002,11.308282,L6 IT,13,1,Satellite.mm10.repeatmasker
GTGTCAATCTGGCCAG-1,5.4057994,11.349541,L6 IT,4,1,Satellite.mm10.repeatmasker
GTGTCCTTCGCGGCAT-1,11.141434,7.0588865,L2/3 IT,10,0,Satellite.mm10.repeatmasker
GTGTGATAGGTCTTTG-1,7.1784096,4.229916,L4,1,2,Satellite.mm10.repeatmasker
GTGTGATAGGTGTTGG-1,11.068784,11.1518545,L6 CT,6,0,Satellite.mm10.repeatmasker
GTGTGATAGGTTGACG-1,4.234916,6.1369786,L4,7,1,Satellite.mm10.repeatmasker
GTGTGATGTCGACTGC-1,5.0450163,7.3879642,L2/3 IT,7,1,Satellite.mm10.repeatmasker
GTGTGATTCCCGTATC-1,10.404498,10.523565,L2/3 IT,2,0,Satellite.mm10.repeatmasker
GTTACGAAGGAAGGTA-1,6.452022,10.035212,L2/3 IT,14,1,Satellite.mm10.repeatmasker
GTTACGAAGTACAGTA-1,4.3255954,8.230677,L6 IT,7,1,Satellite.mm10.repeatmasker
GTTACGAGTCATAAGA-1,11.090179,11.8276615,L2/3 IT,2,0,Satellite.mm10.repeatmasker
GTTACTTAGGTCGGTA-1,11.129125,9.785196,L6 CT,6,0,Satellite.mm10.repeatmasker
GTTACTTCAAACCTAC-1,10.33008,10.622506,L2/3 IT,11,0,Satellite.mm10.repeatmasker
GTTACTTCACCTGGTG-1,12.063482,8.482876,L4,12,0,Satellite.mm10.repeatmasker
GTTACTTCATTAACGC-1,7.41851,7.2893686,L6 CT,3,3,Satellite.mm10.repeatmasker
GTTATGGGTCCCGTGA-1,10.636557,4.5846252,L4,0,2,Satellite.mm10.repeatmasker
GTTATGGTCATGCTTT-1,10.77906,8.338152,Microglia,12,0,Satellite.mm10.repeatmasker
GTTATGGTCCAGGGAA-1,5.8123975,8.975651,L4,3,3,Satellite.mm10.repeatmasker
GTTATTCAGGGAAGCG-1,2.192746,8.145159,Pvalb,5,1,Satellite.mm10.repeatmasker
GTTATTCAGTGCTAGG-1,9.167619,8.25707,L6 CT,9,0,Satellite.mm10.repeatmasker
GTTATTCCATGCTATG-1,5.2275124,10.244121,L2/3 IT,4,1,Satellite.mm10.repeatmasker
GTTATTCGTAGGTAAT-1,3.6760085,6.250762,L2/3 IT,7,1,Satellite.mm10.repeatmasker
GTTCAAGAGGTTCTCA-1,5.685853,7.007678,L2/3 IT,3,3,Satellite.mm10.repeatmasker
GTTCAAGAGTCGTGAG-1,6.026331,9.54968,L2/3 IT,4,1,Satellite.mm10.repeatmasker
GTTCAAGCAATTGCCA-1,7.173899,8.841423,L4,15,1,Satellite.mm10.repeatmasker
GTTCAAGCATAAAGTG-1,8.277527,10.118429,L4,8,0,Satellite.mm10.repeatmasker
GTTGGGCAGGAGTCTG-1,11.673726,8.738058,L4,12,0,Satellite.mm10.repeatmasker
GTTGGGCAGGGTTCCC-1,11.38174,5.0066185,L6 CT,0,2,Satellite.mm10.repeatmasker
GTTGGGCAGTCCCTCT-1,10.697324,11.011292,L4,2,0,Satellite.mm10.repeatmasker
GTTGGGCAGTGATAAC-1,8.518126,9.050341,L2/3 IT,15,0,Satellite.mm10.repeatmasker
GTTGGGCCAATGTAAG-1,4.6834345,7.082261,L2/3 IT,7,1,Satellite.mm10.repeatmasker
GTTGGGCCAGCTATAC-1,5.8135824,5.165083,L2/3 IT,1,2,Satellite.mm10.repeatmasker
GTTGGGCCATGACTGT-1,11.420806,7.0692363,L6 CT,10,0,Satellite.mm10.repeatmasker
GTTGGGCTCGCCCTTA-1,7.684077,4.0826197,L6 IT,1,2,Satellite.mm10.repeatmasker
GTTGGTAAGTAGCAAT-1,6.8815155,11.364068,L5 IT,13,1,Satellite.mm10.repeatmasker
GTTGGTATCATTCTCA-1,7.863037,5.9430013,L2/3 IT,7,1,Satellite.mm10.repeatmasker
TAACAGCCAACGTCCG-1,12.583572,10.929531,L2/3 IT,2,0,Satellite.mm10.repeatmasker
TAACAGCCATTCACCC-1,8.30094,4.818627,L6 IT,1,2,Satellite.mm10.repeatmasker
TAACAGCGTGGTCGAA-1,5.690884,4.6325893,L5 IT,1,2,Satellite.mm10.repeatmasker
TAACAGCGTTTGAAGA-1,8.385054,11.55079,L2/3 IT,8,0,Satellite.mm10.repeatmasker
TAACAGCTCGTGAGTT-1,12.585214,9.165383,Astrocytes,6,0,Satellite.mm10.repeatmasker
TAACGGTAGCCGCAAA-1,7.1362658,6.9573894,L2/3 IT,3,3,Satellite.mm10.repeatmasker
TAACGGTCAAGTTGCT-1,7.554487,6.7774587,L4,1,2,Satellite.mm10.repeatmasker
TAACGGTCAGTCCTGG-1,7.3322835,7.020965,L5 IT,3,3,Satellite.mm10.repeatmasker
TAACGGTGTCCCGTGA-1,6.2327175,4.252241,L6 IT,1,2,Satellite.mm10.repeatmasker
TAACTTCCACGTGAAG-1,10.133704,10.179488,L2/3 IT,11,0,Satellite.mm10.repeatmasker
TAACTTCGTGAATACA-1,5.6986094,8.265181,L6 IT,3,3,Satellite.mm10.repeatmasker
TAACTTCGTTAACCAC-1,3.0859404,7.299593,L6 CT,5,1,Satellite.mm10.repeatmasker
TAACTTCTCGGGATCC-1,10.72494,7.22361,L2/3 IT,10,0,Satellite.mm10.repeatmasker
TAAGCCAAGAGAAGCA-1,2.9072807,8.690809,16,5,1,Satellite.mm10.repeatmasker
TAAGCCAGTCTGCACG-1,11.066418,10.087946,L4,2,0,Satellite.mm10.repeatmasker
TAAGCCATCGTGATAC-1,10.835709,6.1789656,Astrocytes,0,2,Satellite.mm10.repeatmasker
TAAGTGCAGAGCAGCT-1,9.118867,4.807788,L5 IT,0,2,Satellite.mm10.repeatmasker
TAAGTGCAGCCTGTAT-1,6.9789042,8.759501,L5 IT,15,1,Satellite.mm10.repeatmasker
TAAGTGCTCACCACAA-1,9.742909,11.125478,L2/3 IT,12,0,Satellite.mm10.repeatmasker
TAAGTGCTCGTGGCGT-1,12.958338,7.6413836,L6 CT,6,0,Satellite.mm10.repeatmasker
TAATCGGGTAGATGAT-1,3.8246565,6.5863132,L2/3 IT,7,1,Satellite.mm10.repeatmasker
TAATCGGGTGTCCAGC-1,10.92366,4.281524,L6 CT,0,2,Satellite.mm10.repeatmasker
TAATCGGTCCGAATTG-1,6.1573505,11.272954,L4,13,1,Satellite.mm10.repeatmasker
TAATCGGTCGTGAACT-1,11.321741,9.219453,L2/3 IT,12,0,Satellite.mm10.repeatmasker
TACAGCAAGACCCTAT-1,5.495474,7.3701806,Vip,3,3,Satellite.mm10.repeatmasker
TACATGGAGAAGGGCG-1,4.4443426,9.439149,16,14,1,Satellite.mm10.repeatmasker
TACATGGTCTAGTCGA-1,5.463501,9.619564,L2/3 IT,14,1,Satellite.mm10.repeatmasker
TACATTCAGGGAAGCG-1,6.5010166,8.573329,L2/3 IT,3,3,Satellite.mm10.repeatmasker
TACATTCAGGTCTTTG-1,5.456735,7.297093,Microglia,3,3,Satellite.mm10.repeatmasker
TACATTCTCCGCGATG-1,5.8969984,3.9159212,Vip,1,2,Satellite.mm10.repeatmasker
TACATTCTCGAGGTAG-1,7.4386444,4.74572,L2/3 IT,1,2,Satellite.mm10.repeatmasker
TACCCTGCACGCGCAT-1,12.214998,9.209757,L4,12,0,Satellite.mm10.repeatmasker
TACCCTGCACTAAACC-1,9.790361,3.470887,L6 CT,0,2,Satellite.mm10.repeatmasker
TACCTATAGGGCTTCC-1,12.852022,10.474799,L5 IT,2,0,Satellite.mm10.repeatmasker
TACCTATAGTCATCTG-1,5.768774,4.1107445,NP,1,2,Satellite.mm10.repeatmasker
TACCTATCATTAGCCA-1,2.9392962,7.8161397,L6 IT,5,1,Satellite.mm10.repeatmasker
TACCTCGAGGTCGGTA-1,4.6710014,9.12039,L2/3 IT,14,1,Satellite.mm10.repeatmasker
TACCTCGCAGAACGAC-1,3.7251692,6.5560484,L5 PT,7,1,Satellite.mm10.repeatmasker
TACCTCGTCTTCCAGC-1,8.083641,5.003267,L2/3 IT,1,2,Satellite.mm10.repeatmasker
TACGCAAAGGATTGAT-1,7.6523232,8.008759,L4,3,3,Satellite.mm10.repeatmasker
TACGCAACAAGACTTC-1,8.816526,8.617045,16,15,0,Satellite.mm10.repeatmasker
TACGCAACAATGGTCT-1,3.316193,10.186834,L5 PT,5,1,Satellite.mm10.repeatmasker
TACGCAACAGTTACAC-1,5.3388267,11.288034,NP,4,1,Satellite.mm10.repeatmasker
TACGCAATCCCTAAAG-1,6.5842547,5.3681645,L2/3 IT,1,2,Satellite.mm10.repeatmasker
TACGCCTGTTTGCATG-1,10.61687,8.884355,L2/3 IT,10,0,Satellite.mm10.repeatmasker
TACGCCTTCACAAGCT-1,11.793839,6.0397797,Microglia,0,2,Satellite.mm10.repeatmasker
TACGGATGTACCCATA-1,8.854241,7.552631,L2/3 IT,9,0,Satellite.mm10.repeatmasker
TACGGATTCCGATGCG-1,3.6840763,7.962777,L2/3 IT,5,1,Satellite.mm10.repeatmasker
TACGGATTCGGTGATT-1,2.930944,9.234437,Pvalb,5,1,Satellite.mm10.repeatmasker
TACTAGGCATCGAGTT-1,9.938469,11.500061,L2/3 IT,8,0,Satellite.mm10.repeatmasker
TACTAGGGTATCCTTT-1,3.0201912,9.829618,Vip,5,1,Satellite.mm10.repeatmasker
TACTGCCAGTGATAAC-1,9.3807,4.606397,L2/3 IT,0,2,Satellite.mm10.repeatmasker
TACTGCCCAACTCGAT-1,11.123296,8.596048,Microglia,12,0,Satellite.mm10.repeatmasker
TAGACTGAGTTGCTTG-1,5.1910353,8.777343,NP,14,1,Satellite.mm10.repeatmasker
TAGACTGCAAGCGACA-1,5.917697,9.742269,L6 IT,14,1,Satellite.mm10.repeatmasker
TAGCACAAGTTATGAG-1,6.9012055,10.696247,L2/3 IT,13,1,Satellite.mm10.repeatmasker
TAGCACAGTAGTATCC-1,6.00138,9.09378,L6 IT,4,1,Satellite.mm10.repeatmasker
TAGCACAGTCCAAGAG-1,5.713508,11.392749,L4,13,1,Satellite.mm10.repeatmasker
TAGCATGCAGATGGCA-1,7.1219096,9.58026,L2/3 IT,13,3,Satellite.mm10.repeatmasker
TAGCATGGTACCCACG-1,8.792941,8.141238,L2/3 IT,9,0,Satellite.mm10.repeatmasker
TAGCATGGTTGTCGGC-1,11.380258,10.261685,L6 IT,2,0,Satellite.mm10.repeatmasker
TAGCATGTCCGAATTG-1,10.863814,10.8799515,L2/3 IT,2,0,Satellite.mm10.repeatmasker
TAGCCCTAGCAACTGG-1,11.56538,7.6887803,Astrocytes,10,0,Satellite.mm10.repeatmasker
TAGCCCTAGGCAGTGT-1,8.341988,5.7363806,L2/3 IT,15,0,Satellite.mm10.repeatmasker
TAGCCCTAGTAGTTCC-1,6.329736,11.0306425,L6 IT,13,1,Satellite.mm10.repeatmasker
TAGCCGGGTGCTTACA-1,9.605011,7.979635,16,9,0,Satellite.mm10.repeatmasker
TAGCGGCTCCTCTCTT-1,6.655057,7.4027534,Pvalb,3,3,Satellite.mm10.repeatmasker
TAGCTTTAGATTAGAC-1,10.57664,8.0052805,Microglia,9,0,Satellite.mm10.repeatmasker
TAGGTCACAACGTAGG-1,9.818438,6.861408,Astrocytes,6,0,Satellite.mm10.repeatmasker
TAGGTCATCCATAGGT-1,8.96649,4.277934,L2/3 IT,1,2,Satellite.mm10.repeatmasker
TAGGTCATCGCTTACC-1,8.60821,10.290022,L2/3 IT,10,0,Satellite.mm10.repeatmasker
TAGGTGTAGCCAGAAC-1,11.026194,6.910328,16,10,0,Satellite.mm10.repeatmasker
TAGGTGTAGGAAGGTA-1,4.8182826,5.7001047,L6 IT,7,1,Satellite.mm10.repeatmasker
TAGGTGTCATCCGTGG-1,7.9497423,5.3716106,L4,1,2,Satellite.mm10.repeatmasker
TAGGTGTTCCAGTACA-1,4.3552756,7.7966266,L2/3 IT,7,1,Satellite.mm10.repeatmasker
TAGGTGTTCTGGCCAG-1,11.183638,5.591005,L6 CT,0,2,Satellite.mm10.repeatmasker
TATCGAGAGGAGGCGA-1,10.105223,5.1032863,L6 IT,0,2,Satellite.mm10.repeatmasker
TATCGAGTCTTCTTCC-1,12.588601,7.6989927,L2/3 IT,12,0,Satellite.mm10.repeatmasker
TATCTGTGTAACAATG-1,10.927643,11.607497,L4,2,0,Satellite.mm10.repeatmasker
TATGTGGCACCATTCC-1,6.0131693,4.246118,L4,1,2,Satellite.mm10.repeatmasker
TATGTGGTCGCAAGCC-1,9.7528305,4.478777,L2/3 IT,8,0,Satellite.mm10.repeatmasker
TATGTTCAGTTAGCAA-1,10.669733,5.5110693,NP,0,2,Satellite.mm10.repeatmasker
TATGTTCTCCCACTAC-1,5.4087343,6.860597,L2/3 IT,7,1,Satellite.mm10.repeatmasker
TATTGCTTCAGTACAC-1,13.12976,9.171712,L2/3 IT,6,0,Satellite.mm10.repeatmasker
TATTGCTTCCTGTAGA-1,3.8650982,6.3690248,L6 IT,7,1,Satellite.mm10.repeatmasker
TCAAAGCCATGGGTGA-1,4.559088,11.443916,L6 IT,4,1,Satellite.mm10.repeatmasker
TCAAAGCTCTATAGGC-1,11.678038,8.803075,6,12,0,Satellite.mm10.repeatmasker
TCAAGACCAAGACTTC-1,4.7783585,7.2543416,L4,7,1,Satellite.mm10.repeatmasker
TCAAGACTCCTGACCT-1,8.516906,9.978014,L4,8,0,Satellite.mm10.repeatmasker
TCAAGCAAGCGTTAGG-1,5.5959,7.065705,L6 IT,3,3,Satellite.mm10.repeatmasker
TCAAGCATCAGATACC-1,7.7881484,3.9122932,L5 IT,4,2,Satellite.mm10.repeatmasker
TCAAGCATCCGGAAAG-1,6.6051927,10.049519,L2/3 IT,14,1,Satellite.mm10.repeatmasker
TCAAGGTAGAAAGGGT-1,11.030591,5.1213546,L6 IT,0,2,Satellite.mm10.repeatmasker
TCAAGGTAGCCATGGA-1,10.784232,6.995259,Microglia,10,0,Satellite.mm10.repeatmasker
TCAAGGTTCCGATTGA-1,9.425009,4.5163965,6,0,2,Satellite.mm10.repeatmasker
TCAAGGTTCTCGCGGA-1,10.235545,6.4218946,L2/3 IT,10,0,Satellite.mm10.repeatmasker
TCAATTCAGAGTCCGA-1,10.424454,11.433063,L6 CT,2,0,Satellite.mm10.repeatmasker
TCAATTCAGGGTATCG-1,4.19429,9.177207,L4,14,1,Satellite.mm10.repeatmasker
TCAATTCGTGACGCAA-1,5.3004327,9.032212,L2/3 IT,5,1,Satellite.mm10.repeatmasker
TCAATTCTCATTCGGA-1,4.3786883,9.591563,L5 IT,14,1,Satellite.mm10.repeatmasker
TCACAAGCACTCGTGG-1,9.791274,3.6957085,L2/3 IT,0,2,Satellite.mm10.repeatmasker
TCACAAGGTGCTAGTT-1,4.060272,8.696749,L2/3 IT,5,1,Satellite.mm10.repeatmasker
TCACAAGGTGTTTCTT-1,7.5477066,8.544663,L2/3 IT,15,1,Satellite.mm10.repeatmasker
TCACAAGTCCTTCGAC-1,8.051337,5.7475953,L2/3 IT,4,2,Satellite.mm10.repeatmasker
TCACAAGTCGCCCTTA-1,5.6600475,6.835207,L6 IT,3,3,Satellite.mm10.repeatmasker
TCACAAGTCTTCATAC-1,5.2197886,11.695997,L2/3 IT,4,1,Satellite.mm10.repeatmasker
TCACAGACAAACCGAG-1,11.784964,11.366147,L2/3 IT,2,0,Satellite.mm10.repeatmasker
TCACAGAGTCGCGCTA-1,5.5038404,10.341219,L2/3 IT,4,1,Satellite.mm10.repeatmasker
TCACAGATCGTGGCGT-1,9.788943,7.9747424,L4,9,0,Satellite.mm10.repeatmasker
TCACCTGAGATATGTG-1,10.781556,10.957578,L4,2,0,Satellite.mm10.repeatmasker
TCACCTGCAAATAGTG-1,11.795815,8.721204,6,2,0,Satellite.mm10.repeatmasker
TCACCTGGTGTCCCAG-1,2.793299,7.3665595,L6 IT,5,1,Satellite.mm10.repeatmasker
TCACTCGCAAGCACTT-1,9.499888,12.111458,L6 CT,8,0,Satellite.mm10.repeatmasker
TCACTCGGTGACCAGA-1,4.5258517,9.274783,L2/3 IT,14,1,Satellite.mm10.repeatmasker
TCACTCGTCAAACCCA-1,12.402402,10.24073,L4,2,0,Satellite.mm10.repeatmasker
TCAGGGCCAGTTAAAG-1,5.7677865,10.026829,L2/3 IT,4,1,Satellite.mm10.repeatmasker
TCAGGGCTCGGAAAGC-1,8.113935,5.946893,L6 IT,10,0,Satellite.mm10.repeatmasker
TCAGGGCTCGGGCTCA-1,8.726506,4.780625,L2/3 IT,0,0,Satellite.mm10.repeatmasker
TCAGGTAGTTCAGTTG-1,3.3845572,11.586917,L2/3 IT,4,1,Satellite.mm10.repeatmasker
TCAGGTATCTCTGTTA-1,6.7831044,6.654388,L6 IT,3,3,Satellite.mm10.repeatmasker
TCAGTCCCAGTAACTC-1,6.678427,8.95836,L2/3 IT,7,1,Satellite.mm10.repeatmasker
TCAGTCCGTCGCTAGC-1,8.458382,7.9673862,L2/3 IT,9,0,Satellite.mm10.repeatmasker
TCAGTCCTCTTTATCG-1,8.743643,5.986085,L2/3 IT,15,0,Satellite.mm10.repeatmasker
TCAGTTTAGAGTAAGG-1,6.6766543,4.086912,L4,1,2,Satellite.mm10.repeatmasker
TCAGTTTCATGACTGT-1,7.6397495,3.7661614,Pvalb,1,2,Satellite.mm10.repeatmasker
TCAGTTTGTTAACCGT-1,8.8768,10.918002,L6 CT,6,0,Satellite.mm10.repeatmasker
TCCAGAAAGGGTTCTT-1,13.228647,9.151831,L2/3 IT,6,0,Satellite.mm10.repeatmasker
TCCAGAACAAGACTTC-1,8.311349,8.718533,L2/3 IT,9,0,Satellite.mm10.repeatmasker
TCCAGAACAATCATCG-1,9.917831,10.749233,L4,11,0,Satellite.mm10.repeatmasker
TCCAGAAGTATTTGCG-1,5.2773247,9.76397,L2/3 IT,4,1,Satellite.mm10.repeatmasker
TCCAGAATCCAGGCCA-1,10.604323,9.276511,L2/3 IT,2,0,Satellite.mm10.repeatmasker
TCCATCGAGAGAGTTT-1,11.851181,8.459438,L2/3 IT,12,0,Satellite.mm10.repeatmasker
TCCATCGAGCCTTTGA-1,11.998961,11.362702,L5 PT,2,0,Satellite.mm10.repeatmasker
TCCATCGTCTCATCCG-1,4.4174986,6.124932,L2/3 IT,7,1,Satellite.mm10.repeatmasker
TCCCACACAATGATGA-1,3.9879277,7.877245,L2/3 IT,5,1,Satellite.mm10.repeatmasker
TCCCACAGTGTGACCC-1,6.9181113,5.990191,L2/3 IT,1,2,Satellite.mm10.repeatmasker
TCGAGCGAGGAGGCGA-1,7.480397,10.913882,L4,13,0,Satellite.mm10.repeatmasker
TCGAGCGGTCCTATTT-1,11.784857,10.871952,16,2,0,Satellite.mm10.repeatmasker
TCGAGCGGTGCAAGAC-1,5.969141,4.813127,L2/3 IT,1,2,Satellite.mm10.repeatmasker
TCGAGCGTCCACTAGA-1,8.556697,11.491046,L4,8,0,Satellite.mm10.repeatmasker
TCGAGCGTCCCTATTA-1,9.245895,6.002543,L4,0,2,Satellite.mm10.repeatmasker
TCGATTTCAGCGTACC-1,6.08926,4.328706,16,1,2,Satellite.mm10.repeatmasker
TCGATTTGTATCTCAG-1,11.252424,6.719928,L5 IT,10,0,Satellite.mm10.repeatmasker
TCGCAGGAGAATACTG-1,7.4164977,6.741752,L2/3 IT,3,3,Satellite.mm10.repeatmasker
TCGCAGGAGTCGTACT-1,10.579052,5.476385,L2/3 IT,0,2,Satellite.mm10.repeatmasker
TCGCAGGGTAGCGTTT-1,6.637982,6.4558487,Pvalb,3,3,Satellite.mm10.repeatmasker
TCGCAGGGTGAGTCGA-1,11.414264,10.59077,L6 IT,2,0,Satellite.mm10.repeatmasker
TCGCCTACATTACACG-1,8.566565,4.9546237,L6 CT,1,2,Satellite.mm10.repeatmasker
TCGCCTAGTTATGCAC-1,5.508679,10.691481,L4,4,1,Satellite.mm10.repeatmasker
TCGGGACAGTAGAAGG-1,9.571804,4.823727,L2/3 IT,0,2,Satellite.mm10.repeatmasker
TCGGGACCAAACGACG-1,6.027686,4.464294,L2/3 IT,1,2,Satellite.mm10.repeatmasker
TCGGGACCACCTGAAT-1,9.009947,4.997657,16,0,2,Satellite.mm10.repeatmasker
TCGGGACCAGCGTGAA-1,4.4830413,8.022936,L5 PT,3,3,Satellite.mm10.repeatmasker
TCGGGACCAGTAACTC-1,9.38818,7.8014326,L2/3 IT,9,0,Satellite.mm10.repeatmasker
TCGGGACTCGGGCTCA-1,3.265181,11.551307,Sst,4,1,Satellite.mm10.repeatmasker
TCGTTCGCAATGCCAT-1,5.9147987,8.000717,L2/3 IT,3,3,Satellite.mm10.repeatmasker
TCGTTCGCAATGGCTT-1,11.390592,11.491177,L2/3 IT,2,0,Satellite.mm10.repeatmasker
TCTAGTTAGGCAGATC-1,10.822842,6.216958,L6 CT,0,2,Satellite.mm10.repeatmasker
TCTAGTTTCATTCATC-1,9.41034,10.028165,6,12,0,Satellite.mm10.repeatmasker
TCTAGTTTCCGATTGA-1,10.050173,7.1256013,L4,10,0,Satellite.mm10.repeatmasker
TCTATTGCACTGCTCT-1,9.48383,5.109184,L6 IT,0,2,Satellite.mm10.repeatmasker
TCTATTGCAGGTGGTA-1,7.846,10.04288,L6 IT,8,0,Satellite.mm10.repeatmasker
TCTATTGCATGCGCTG-1,8.10641,5.7358217,Pvalb,1,2,Satellite.mm10.repeatmasker
TCTATTGGTATCGCGC-1,6.806169,8.101821,L4,3,3,Satellite.mm10.repeatmasker
TCTATTGGTTTCTCTA-1,3.604963,8.609791,Sst,5,1,Satellite.mm10.repeatmasker
TCTATTGTCCCTACCA-1,11.593496,11.341525,L6 IT,2,0,Satellite.mm10.repeatmasker
TCTATTGTCCTGTAGA-1,10.173613,9.723659,L5 PT,11,0,Satellite.mm10.repeatmasker
TCTCAGCAGGTAGGAA-1,3.630973,9.171164,L6 IT,5,1,Satellite.mm10.repeatmasker
TCTCAGCCATTGAACC-1,9.106992,11.5299,L2/3 IT,8,0,Satellite.mm10.repeatmasker
TCTCAGCGTGACGCAA-1,7.1598063,8.602495,L2/3 IT,15,1,Satellite.mm10.repeatmasker
TCTCAGCGTTCCATCC-1,4.483355,9.117952,L5 PT,5,1,Satellite.mm10.repeatmasker
TCTCAGCGTTTCGTTT-1,10.389684,9.591111,L4,11,0,Satellite.mm10.repeatmasker
TCTCTGGCATTACTTC-1,6.9662657,7.861012,L2/3 IT,3,3,Satellite.mm10.repeatmasker
TGAATCGAGTCTGGGA-1,6.9802766,10.226423,L4,13,1,Satellite.mm10.repeatmasker
TGAATCGGTGAGTTGG-1,3.6436026,6.7496614,L2/3 IT,7,1,Satellite.mm10.repeatmasker
TGAATCGGTTTAGAAG-1,4.8263173,7.8614936,L2/3 IT,1,2,Satellite.mm10.repeatmasker
TGAATCGTCGTGCTTC-1,3.563622,8.181325,L2/3 IT,5,1,Satellite.mm10.repeatmasker
TGACAACCAAACTACC-1,6.942317,6.04048,NP,1,2,Satellite.mm10.repeatmasker
TGACAACGTGCACATT-1,7.393902,7.1105614,L2/3 IT,3,3,Satellite.mm10.repeatmasker
TGACTCCCATTGTTCT-1,5.8726606,9.634166,16,4,1,Satellite.mm10.repeatmasker
TGACTCCTCCAGTTAG-1,5.9513426,7.501253,L4,3,3,Satellite.mm10.repeatmasker
TGAGTCAGTCAACGGA-1,10.482852,4.0253,L2/3 IT,0,2,Satellite.mm10.repeatmasker
TGAGTCATCGCTATTT-1,7.3785315,7.0002327,L2/3 IT,3,3,Satellite.mm10.repeatmasker
TGAGTCATCTACTTTG-1,9.16158,11.82657,L6 CT,8,0,Satellite.mm10.repeatmasker
TGATCAGCACAATAAG-1,10.570548,11.722541,L4,2,0,Satellite.mm10.repeatmasker
TGATCAGTCCTATCCG-1,8.053909,9.677157,L2/3 IT,7,1,Satellite.mm10.repeatmasker
TGATGCAAGTAGTCGG-1,6.555545,9.298589,L4,4,1,Satellite.mm10.repeatmasker
TGATGCAAGTCCAGAG-1,7.405612,6.5907564,L2/3 IT,3,3,Satellite.mm10.repeatmasker
TGATGCACAACTCCCT-1,9.058818,8.93687,L2/3 IT,15,0,Satellite.mm10.repeatmasker
TGATTTCGTATCCTTT-1,11.506081,7.714589,L2/3 IT,10,0,Satellite.mm10.repeatmasker
TGATTTCTCGAACACT-1,11.28848,11.36104,L2/3 IT,2,0,Satellite.mm10.repeatmasker
TGCACCTAGCCATTCA-1,4.3481984,7.7257824,L2/3 IT,7,1,Satellite.mm10.repeatmasker
TGCACCTAGTACAGTA-1,13.025687,9.008623,L6 IT,6,0,Satellite.mm10.repeatmasker
TGCATGATCCAGGTCG-1,5.4605837,9.565248,L2/3 IT,14,1,Satellite.mm10.repeatmasker
TGCATTTTCGTTGTAG-1,10.696121,8.288059,L2/3 IT,10,0,Satellite.mm10.repeatmasker
TGCCTCAAGCGCAATG-1,3.6217313,6.0694003,L6 IT,6,0,Satellite.mm10.repeatmasker
TGCCTGTCAAGTCTCA-1,8.9557905,11.901274,L6 IT,8,0,Satellite.mm10.repeatmasker
TGCCTGTCACAAGTGG-1,4.7647185,6.841339,L2/3 IT,7,1,Satellite.mm10.repeatmasker
TGCCTGTCATTTCTTG-1,5.518537,9.166068,L6 IT,4,1,Satellite.mm10.repeatmasker
TGCCTGTGTTGAAGCG-1,8.802598,7.754483,L2/3 IT,9,0,Satellite.mm10.repeatmasker
TGCGTAACATCCGTAA-1,12.75891,8.159191,L6 CT,6,0,Satellite.mm10.repeatmasker
TGCGTAAGTTCCCAAA-1,6.2836027,7.144047,L2/3 IT,3,3,Satellite.mm10.repeatmasker
TGCGTAATCTATCTTG-1,7.394616,3.1796784,L4,1,2,Satellite.mm10.repeatmasker
TGCTATTAGCTAGTTC-1,4.0637875,9.534358,L6 IT,14,1,Satellite.mm10.repeatmasker
TGCTATTTCACTAGGT-1,11.038454,8.347192,Microglia,12,0,Satellite.mm10.repeatmasker
TGCTCACGTATCATGC-1,8.373514,7.9748416,L2/3 IT,9,0,Satellite.mm10.repeatmasker
TGCTCGTCATTGATGC-1,10.5130205,11.334701,L6 IT,2,0,Satellite.mm10.repeatmasker
TGCTTCGCAGGTGTGA-1,9.209345,11.168498,L6 CT,6,0,Satellite.mm10.repeatmasker
TGCTTCGGTTATAGAG-1,10.247742,8.722293,L4,10,0,Satellite.mm10.repeatmasker
TGCTTCGTCCTCTCTT-1,10.034291,4.573075,NP,0,2,Satellite.mm10.repeatmasker
TGCTTTACAATAGCGG-1,9.842485,9.710117,L4,11,0,Satellite.mm10.repeatmasker
TGCTTTACATCGTACA-1,3.276189,6.9757457,L6 IT,5,1,Satellite.mm10.repeatmasker
TGCTTTAGTCCAAGAG-1,5.110616,9.656542,L2/3 IT,14,1,Satellite.mm10.repeatmasker
TGCTTTAGTCTCTGCT-1,7.870591,5.4642715,L5 PT,1,2,Satellite.mm10.repeatmasker
TGGAAGGAGTAGGTCG-1,8.225779,11.773046,L2/3 IT,11,0,Satellite.mm10.repeatmasker
TGGAAGGCATCAGCTA-1,5.860355,7.569645,Microglia,3,3,Satellite.mm10.repeatmasker
TGGAAGGTCAGTGTGT-1,9.307542,8.598226,L4,10,0,Satellite.mm10.repeatmasker
TGGACATCAATCAGGG-1,4.040971,8.283799,L2/3 IT,5,1,Satellite.mm10.repeatmasker
TGGACATTCGCAAACT-1,10.216251,10.04851,L2/3 IT,2,0,Satellite.mm10.repeatmasker
TGGACATTCTAAACGC-1,11.555242,8.88738,L4,12,0,Satellite.mm10.repeatmasker
TGGCAATAGAGTGGAA-1,10.623363,10.706757,L2/3 IT,2,0,Satellite.mm10.repeatmasker
TGGCAATAGTCCAGAG-1,9.153486,5.065271,16,0,2,Satellite.mm10.repeatmasker
TGGCCTTCAAATTCCG-1,3.4596722,8.752997,Pvalb,5,1,Satellite.mm10.repeatmasker
TGGCCTTGTCACTCTC-1,6.6116033,10.843746,L2/3 IT,13,0,Satellite.mm10.repeatmasker
TGGCCTTGTTGGACGA-1,7.4792147,5.349109,Pvalb,1,2,Satellite.mm10.repeatmasker
TGGCGCAAGAGTAAGG-1,6.8372717,11.066267,L2/3 IT,13,1,Satellite.mm10.repeatmasker
TGGCGCACAACTACTG-1,8.261129,4.8380775,L4,1,2,Satellite.mm10.repeatmasker
TGGCGCACATCCCGGA-1,6.432288,8.069387,L5 IT,3,3,Satellite.mm10.repeatmasker
TGGCGCACATTTCTTG-1,3.5012019,8.993152,L5 PT,5,1,Satellite.mm10.repeatmasker
TGGCGCAGTCCAGACC-1,8.992773,9.226487,L2/3 IT,15,0,Satellite.mm10.repeatmasker
TGGCGCATCGTCAACA-1,5.8521967,6.400051,L6 CT,3,3,Satellite.mm10.repeatmasker
TGGGTGCAGAGTAAGG-1,5.0297875,7.992172,L2/3 IT,3,3,Satellite.mm10.repeatmasker
TGGGTGCGTCCAGACC-1,4.500905,7.665128,L5 IT,7,1,Satellite.mm10.repeatmasker
TGGGTGCTCAGGTCTA-1,4.749397,11.413933,L5 PT,4,1,Satellite.mm10.repeatmasker
TGGGTGCTCTGAGTCA-1,10.239781,9.726981,L6 CT,11,0,Satellite.mm10.repeatmasker
TGGTCAAAGATCGAGC-1,9.300716,10.077354,L2/3 IT,15,0,Satellite.mm10.repeatmasker
TGGTCAATCACCCTTG-1,7.291961,4.86119,Pvalb,1,2,Satellite.mm10.repeatmasker
TGGTCCTAGTTACACC-1,6.47145,3.8486543,Pvalb,1,2,Satellite.mm10.repeatmasker
TGGTCCTCATTCCCGT-1,8.080043,9.727833,L2/3 IT,15,0,Satellite.mm10.repeatmasker
TGGTCCTGTATGGGTG-1,3.7492557,10.58909,L2/3 IT,4,1,Satellite.mm10.repeatmasker
TGTAAGCAGGCCTCTG-1,8.884603,10.877002,L6 CT,6,0,Satellite.mm10.repeatmasker
TGTAAGCAGTAACTCC-1,6.2505627,3.9105356,L2/3 IT,1,2,Satellite.mm10.repeatmasker
TGTAAGCCAAATAGTG-1,11.964393,5.59682,L6 CT,0,2,Satellite.mm10.repeatmasker
TGTAGCAAGAGAATTC-1,8.602267,11.218974,L2/3 IT,11,0,Satellite.mm10.repeatmasker
TGTAGCAGTCAATACC-1,6.3977313,4.171852,L5 PT,1,2,Satellite.mm10.repeatmasker
TGTGACAGTGGGTAGT-1,11.299414,10.470627,L6 IT,2,0,Satellite.mm10.repeatmasker
TGTGGCGCACTAGCCG-1,8.750555,7.8920994,6,9,0,Satellite.mm10.repeatmasker
TGTGGCGGTCGCTAGC-1,6.477242,9.4641905,No Annotation,4,1,Satellite.mm10.repeatmasker
TGTGGCGGTGCCCTAG-1,11.24985,9.079731,L4,11,0,Satellite.mm10.repeatmasker
TGTGTCCCAGAACTTC-1,13.386282,9.29062,L6 CT,6,0,Satellite.mm10.repeatmasker
TGTTAGGAGCACACCC-1,8.830786,12.50546,L6 IT,8,0,Satellite.mm10.repeatmasker
TGTTAGGCATTGTTCT-1,6.8893857,4.8242126,L5 PT,1,2,Satellite.mm10.repeatmasker
TGTTAGGTCTTGTGCC-1,9.163046,12.228789,L6 IT,8,0,Satellite.mm10.repeatmasker
TTAACGGAGCGCACAA-1,5.326798,10.012606,L2/3 IT,4,1,Satellite.mm10.repeatmasker
TTAACGGTCAACACGT-1,3.554525,11.671192,L6 IT,4,1,Satellite.mm10.repeatmasker
TTAACGGTCACCCGGA-1,9.12018,9.277926,L2/3 IT,15,0,Satellite.mm10.repeatmasker
TTAACGGTCACGTGTA-1,7.472383,5.8981447,L2/3 IT,1,2,Satellite.mm10.repeatmasker
TTACCCGAGTACCTCA-1,3.8443186,10.871973,16,4,1,Satellite.mm10.repeatmasker
TTACCCGCAACAAACA-1,10.301617,9.014348,L6 CT,6,0,Satellite.mm10.repeatmasker
TTACCCGTCACTCCCA-1,8.713242,9.446109,L2/3 IT,9,0,Satellite.mm10.repeatmasker
TTACCCGTCAGTCAAC-1,11.091103,10.510751,L6 CT,2,0,Satellite.mm10.repeatmasker
TTACCGCGTCCGCTTT-1,6.1496887,4.8173404,L2/3 IT,1,2,Satellite.mm10.repeatmasker
TTACGGACAACGTCCG-1,11.281134,7.925033,L4,10,0,Satellite.mm10.repeatmasker
TTACGGATCACCCGGA-1,8.433261,11.155288,L6 IT,11,0,Satellite.mm10.repeatmasker
TTACGGATCTTAACGG-1,8.505546,8.5764475,L2/3 IT,15,0,Satellite.mm10.repeatmasker
TTACGTTAGTGCACAG-1,6.7168207,10.589112,L4,14,1,Satellite.mm10.repeatmasker
TTACGTTGTCATTGGT-1,10.123842,8.835137,L6 CT,11,0,Satellite.mm10.repeatmasker
TTACGTTGTGTGCTTA-1,12.617774,8.592133,Microglia,6,0,Satellite.mm10.repeatmasker
TTACGTTGTTGGCTAT-1,9.130401,5.8682265,L6 IT,0,2,Satellite.mm10.repeatmasker
TTACTCACACGCGTTG-1,11.459659,9.700955,L5 PT,12,0,Satellite.mm10.repeatmasker
TTACTCAGTTAGTAGA-1,3.542806,6.809527,L6 IT,7,1,Satellite.mm10.repeatmasker
TTACTCATCACAACAC-1,11.7237835,6.4709783,L6 CT,10,0,Satellite.mm10.repeatmasker
TTACTCATCCAGAGAG-1,5.9601455,7.2202606,L2/3 IT,3,3,Satellite.mm10.repeatmasker
TTACTCATCTTCTTCC-1,3.2823286,8.493251,L5 PT,5,1,Satellite.mm10.repeatmasker
TTACTTGCACACATTG-1,4.3214717,8.9991045,L6 IT,14,1,Satellite.mm10.repeatmasker
TTACTTGGTCAACTGT-1,7.1215734,10.64177,16,13,0,Satellite.mm10.repeatmasker
TTACTTGTCACGATTG-1,4.999941,6.528039,L2/3 IT,7,1,Satellite.mm10.repeatmasker
TTAGCGAAGACTTCCA-1,8.26838,8.161723,L6 CT,15,0,Satellite.mm10.repeatmasker
TTAGCGACACAAGGGT-1,12.05276,6.0367436,16,0,2,Satellite.mm10.repeatmasker
TTAGCGATCCCACGGA-1,6.0493107,9.430372,L2/3 IT,4,1,Satellite.mm10.repeatmasker
TTAGCGATCTGACTTT-1,10.086084,10.649649,L2/3 IT,2,0,Satellite.mm10.repeatmasker
TTAGGTGAGGGTGTTG-1,7.1928005,7.606688,L4,3,3,Satellite.mm10.repeatmasker
TTAGGTGTCCTCAAGA-1,8.98423,9.975013,L5 IT,10,0,Satellite.mm10.repeatmasker
TTATGTCAGTGAATAC-1,6.1684117,3.7169523,L4,1,2,Satellite.mm10.repeatmasker
TTATGTCCAGCAACCC-1,8.573255,6.765593,L2/3 IT,0,2,Satellite.mm10.repeatmasker
TTCAACTGTCAAATCC-1,3.6403127,11.440216,L6 IT,4,1,Satellite.mm10.repeatmasker
TTCATCAGTATTCTTC-1,5.473657,7.753727,L2/3 IT,3,3,Satellite.mm10.repeatmasker
TTCATCAGTGTAGGAC-1,9.907304,9.752866,L6 IT,11,0,Satellite.mm10.repeatmasker
TTCATTGCATCCTGGG-1,12.345034,11.517668,L5 IT,2,0,Satellite.mm10.repeatmasker
TTCGATTAGACCATAA-1,5.0027847,9.755875,L2/3 IT,4,1,Satellite.mm10.repeatmasker
TTCGCGTAGCAGAATT-1,7.895183,9.255585,L4,15,0,Satellite.mm10.repeatmasker
TTCGCGTCAATGTAAG-1,6.705006,7.520251,L4,3,3,Satellite.mm10.repeatmasker
TTCGCGTGTGATGTGG-1,6.743299,7.926442,L4,13,2,Satellite.mm10.repeatmasker
TTCGCGTTCATCATGG-1,10.5095625,4.9226737,L4,0,2,Satellite.mm10.repeatmasker
TTCGCGTTCGCTTACC-1,6.4016504,10.990592,L5 PT,13,1,Satellite.mm10.repeatmasker
TTCGGTCAGACTCTTG-1,4.21748,6.5118456,L2/3 IT,7,1,Satellite.mm10.repeatmasker
TTCGGTCGTCCGCTTT-1,8.148445,4.155923,16,1,2,Satellite.mm10.repeatmasker
TTCGGTCGTGAATCAA-1,6.537013,5.8784614,L6 IT,3,3,Satellite.mm10.repeatmasker
TTCGTTAAGAATGCTA-1,7.502814,5.343093,16,1,2,Satellite.mm10.repeatmasker
TTCGTTAAGTGCCCTG-1,4.510062,9.179932,L2/3 IT,14,1,Satellite.mm10.repeatmasker
TTCGTTACAGGGTACA-1,7.0829806,9.657651,L2/3 IT,13,3,Satellite.mm10.repeatmasker
TTCTAACAGAGCTCCC-1,10.267434,5.294089,L2/3 IT,0,0,Satellite.mm10.repeatmasker
TTCTAACAGTGAACCG-1,12.082435,9.358378,L5 PT,2,0,Satellite.mm10.repeatmasker
TTCTAACGTCCCGTGA-1,11.941544,10.470279,L2/3 IT,2,0,Satellite.mm10.repeatmasker
TTCTAACGTGAGTTGG-1,12.367841,11.37895,L2/3 IT,2,0,Satellite.mm10.repeatmasker
TTCTAACTCGCACAAT-1,9.854691,9.895449,L2/3 IT,11,0,Satellite.mm10.repeatmasker
TTCTGTAAGCCTGTAT-1,5.947483,8.310816,L2/3 IT,3,3,Satellite.mm10.repeatmasker
TTGACGAAGGGCATTG-1,12.697075,8.84029,L6 CT,6,0,Satellite.mm10.repeatmasker
TTGACGAGTATCTCAG-1,10.859475,9.035099,L2/3 IT,2,0,Satellite.mm10.repeatmasker
TTGACGATCCTCATTA-1,8.739475,9.343735,L6 IT,15,0,Satellite.mm10.repeatmasker
TTGAGCACATGTCCCT-1,7.69704,5.6067863,L4,1,2,Satellite.mm10.repeatmasker
TTGAGCAGTGGATTCT-1,7.4288936,5.0231094,L6 IT,1,2,Satellite.mm10.repeatmasker
TTGAGTGGTAACACTC-1,8.88122,6.7534604,L2/3 IT,0,2,Satellite.mm10.repeatmasker
TTGAGTGTCATCGCAA-1,2.6206064,7.0593476,L6 IT,5,1,Satellite.mm10.repeatmasker
TTGAGTGTCTTGGCCT-1,11.608055,11.5646,L4,2,0,Satellite.mm10.repeatmasker
TTGCACCAGATTCCGT-1,2.6803794,9.609377,L5 PT,5,1,Satellite.mm10.repeatmasker
TTGCAGAGTACTTGAC-1,11.394112,4.527013,L2/3 IT,0,2,Satellite.mm10.repeatmasker
TTGCAGATCACACGTA-1,4.121325,5.9325747,L4,7,1,Satellite.mm10.repeatmasker
TTGCCCATCTGAGTCA-1,10.6202135,4.7045875,L6 IT,0,2,Satellite.mm10.repeatmasker
TTGCGGGAGTCCGTGC-1,4.648689,8.096129,No Annotation,5,1,Satellite.mm10.repeatmasker
TTGCGGGTCGCGGCAT-1,9.903221,11.415309,L6 IT,8,0,Satellite.mm10.repeatmasker
TTGCTATAGGCAATTA-1,4.669228,9.953454,L6 CT,4,1,Satellite.mm10.repeatmasker
TTGCTATTCCTAAAGC-1,5.97146,7.0486937,Pvalb,3,3,Satellite.mm10.repeatmasker
TTGCTATTCCTGGGAC-1,9.058342,12.374885,L4,8,0,Satellite.mm10.repeatmasker
TTGCTTAAGTGAATAC-1,3.6217916,8.367733,NP,5,1,Satellite.mm10.repeatmasker
TTGCTTACAATGGCAG-1,12.010381,9.771323,L4,2,0,Satellite.mm10.repeatmasker
TTGCTTAGTCTGGTCG-1,4.9704213,11.1541395,L6 IT,4,1,Satellite.mm10.repeatmasker
TTGCTTATCGCGCCAA-1,8.617931,12.490241,L2/3 IT,8,0,Satellite.mm10.repeatmasker
TTGGTCCGTCGTAATC-1,8.1562805,8.4530525,L2/3 IT,9,0,Satellite.mm10.repeatmasker
TTGGTCCTCCGATGCG-1,6.9169464,9.773641,L2/3 IT,13,1,Satellite.mm10.repeatmasker
TTGTCTAAGAACCCGA-1,12.608862,9.340074,L6 IT,6,0,Satellite.mm10.repeatmasker
TTGTTCACATAAAGTG-1,4.95223,9.916836,L4,4,1,Satellite.mm10.repeatmasker
TTGTTCAGTGTGAGGT-1,10.498464,4.501909,L6 IT,0,2,Satellite.mm10.repeatmasker
TTGTTCATCAGGTTTG-1,8.928016,5.7644463,L6 CT,0,2,Satellite.mm10.repeatmasker
TTTACGTCAGTAGGCA-1,11.8191805,7.504218,16,10,0,Satellite.mm10.repeatmasker
TTTACGTTCGATATGC-1,2.3238597,8.529954,Pvalb,5,1,Satellite.mm10.repeatmasker
TTTGAGGAGCTGCTCG-1,4.4366336,6.533195,L2/3 IT,7,1,Satellite.mm10.repeatmasker
TTTGAGGCATTGAACC-1,8.455744,5.225362,L6 CT,1,2,Satellite.mm10.repeatmasker
TTTGAGGGTCAGGCTC-1,8.573317,11.324951,L4,8,0,Satellite.mm10.repeatmasker
TTTGGCCTCACGTGTA-1,7.7594075,4.5614066,L5 PT,1,2,Satellite.mm10.repeatmasker
TTTGGTTAGACACTTC-1,10.527927,8.643223,L6 IT,10,0,Satellite.mm10.repeatmasker
TTTGGTTCACATTCTT-1,5.8245993,7.407309,L4,3,3,Satellite.mm10.repeatmasker
TTTGGTTGTTGAAGCG-1,3.271611,8.467231,L5 PT,5,1,Satellite.mm10.repeatmasker
TTTGGTTTCAGATACC-1,10.958743,7.3269844,L2/3 IT,10,0,Satellite.mm10.repeatmasker
TTTGTGTCAGTAGGCA-1,8.570283,11.651992,L2/3 IT,8,0,Satellite.mm10.repeatmasker
TTTGTGTGTAACATAG-1,5.9681087,11.3475895,L6 IT,13,1,Satellite.mm10.repeatmasker
TTTGTGTGTCATAAGA-1,6.488029,5.54278,L2/3 IT,1,2,Satellite.mm10.repeatmasker
TTTGTGTTCAGGGTTT-1,10.02973,9.626197,L6 CT,11,0,Satellite.mm10.repeatmasker
